0 verbose cli /usr/local/node-v20.20.2/bin/node /usr/local/node-v20.20.2/bin/npm
1 info using npm@10.8.2
2 info using node@v20.20.2
3 silly config load:file:/usr/local/node-v20.20.2/lib/node_modules/npm/npmrc
4 silly config load:file:/Users/macbookpro/Documents/GitHub/idea-club-lms/.npmrc
5 silly config load:file:/Users/macbookpro/.npmrc
6 silly config load:file:/usr/local/node-v20.20.2/etc/npmrc
7 verbose title npm install firebase-admin
8 verbose argv "install" "firebase-admin" "--no-audit" "--no-fund" "--cache" "./.npm_cache"
9 verbose logfile logs-max:10 dir:/Users/macbookpro/Documents/GitHub/idea-club-lms/.npm_cache/_logs/2026-05-29T00_48_26_437Z-
10 verbose logfile /Users/macbookpro/Documents/GitHub/idea-club-lms/.npm_cache/_logs/2026-05-29T00_48_26_437Z-debug-0.log
11 silly packumentCache heap:2197815296 maxSize:549453824 maxEntrySize:274726912
12 silly logfile done cleaning log files
13 silly idealTree buildDeps
14 silly fetch manifest firebase-admin@*
15 silly packumentCache full:https://registry.npmjs.org/firebase-admin cache-miss
16 http fetch GET 200 https://registry.npmjs.org/firebase-admin 259ms (cache miss)
17 silly packumentCache full:https://registry.npmjs.org/firebase-admin set size:undefined disposed:false
18 silly placeDep ROOT firebase-admin@13.10.0 OK for: idea-club-lms@1.0.0 want: *
19 silly fetch manifest @fastify/busboy@^3.0.0
20 silly packumentCache full:https://registry.npmjs.org/@fastify%2fbusboy cache-miss
21 silly fetch manifest @firebase/database-compat@^2.0.0
22 silly packumentCache full:https://registry.npmjs.org/@firebase%2fdatabase-compat cache-miss
23 silly fetch manifest @firebase/database-types@^1.0.6
24 silly packumentCache full:https://registry.npmjs.org/@firebase%2fdatabase-types cache-miss
25 silly fetch manifest farmhash-modern@^1.1.0
26 silly packumentCache full:https://registry.npmjs.org/farmhash-modern cache-miss
27 silly fetch manifest fast-deep-equal@^3.1.1
28 silly packumentCache full:https://registry.npmjs.org/fast-deep-equal cache-miss
29 silly fetch manifest google-auth-library@^10.6.1
30 silly packumentCache full:https://registry.npmjs.org/google-auth-library cache-miss
31 silly fetch manifest jsonwebtoken@^9.0.0
32 silly packumentCache full:https://registry.npmjs.org/jsonwebtoken cache-miss
33 http fetch GET 200 https://registry.npmjs.org/npm 341ms
34 http fetch GET 200 https://registry.npmjs.org/@fastify%2fbusboy 72ms (cache miss)
35 silly packumentCache full:https://registry.npmjs.org/@fastify%2fbusboy set size:undefined disposed:false
36 silly fetch manifest jwks-rsa@^3.1.0
37 silly packumentCache full:https://registry.npmjs.org/jwks-rsa cache-miss
38 http fetch GET 200 https://registry.npmjs.org/jwks-rsa 57ms (cache miss)
39 silly packumentCache full:https://registry.npmjs.org/jwks-rsa set size:undefined disposed:false
40 silly fetch manifest @google-cloud/firestore@^7.11.0
41 silly packumentCache full:https://registry.npmjs.org/@google-cloud%2ffirestore cache-miss
42 http fetch GET 200 https://registry.npmjs.org/farmhash-modern 171ms (cache miss)
43 silly packumentCache full:https://registry.npmjs.org/farmhash-modern set size:undefined disposed:false
44 silly fetch manifest @google-cloud/storage@^7.19.0
45 silly packumentCache full:https://registry.npmjs.org/@google-cloud%2fstorage cache-miss
46 http fetch GET 200 https://registry.npmjs.org/fast-deep-equal 172ms (cache miss)
47 silly packumentCache full:https://registry.npmjs.org/fast-deep-equal set size:undefined disposed:false
48 http fetch GET 200 https://registry.npmjs.org/jsonwebtoken 180ms (cache miss)
49 silly packumentCache full:https://registry.npmjs.org/jsonwebtoken set size:undefined disposed:false
50 http fetch GET 200 https://registry.npmjs.org/google-auth-library 422ms (cache miss)
51 silly packumentCache full:https://registry.npmjs.org/google-auth-library set size:undefined disposed:false
52 http fetch GET 200 https://registry.npmjs.org/@google-cloud%2fstorage 364ms (cache miss)
53 silly packumentCache full:https://registry.npmjs.org/@google-cloud%2fstorage set size:undefined disposed:false
54 http fetch GET 200 https://registry.npmjs.org/@firebase%2fdatabase-types 660ms (cache miss)
55 silly packumentCache full:https://registry.npmjs.org/@firebase%2fdatabase-types set size:undefined disposed:false
56 http fetch GET 200 https://registry.npmjs.org/@google-cloud%2ffirestore 561ms (cache miss)
57 silly packumentCache full:https://registry.npmjs.org/@google-cloud%2ffirestore set size:undefined disposed:false
58 http fetch GET 200 https://registry.npmjs.org/@firebase%2fdatabase-compat 714ms (cache miss)
59 silly packumentCache full:https://registry.npmjs.org/@firebase%2fdatabase-compat set size:undefined disposed:false
60 silly placeDep ROOT @fastify/busboy@3.2.0 OK for: firebase-admin@13.10.0 want: ^3.0.0
61 silly placeDep ROOT @firebase/database-compat@2.1.4 OK for: firebase-admin@13.10.0 want: ^2.0.0
62 silly placeDep ROOT @firebase/database-types@1.0.20 OK for: firebase-admin@13.10.0 want: ^1.0.6
63 silly placeDep ROOT @google-cloud/firestore@7.11.6 OK for: firebase-admin@13.10.0 want: ^7.11.0
64 silly placeDep ROOT @google-cloud/storage@7.19.0 OK for: firebase-admin@13.10.0 want: ^7.19.0
65 silly placeDep ROOT farmhash-modern@1.1.0 OK for: firebase-admin@13.10.0 want: ^1.1.0
66 silly placeDep ROOT fast-deep-equal@3.1.3 OK for: firebase-admin@13.10.0 want: ^3.1.1
67 silly placeDep ROOT google-auth-library@10.6.2 OK for: firebase-admin@13.10.0 want: ^10.6.1
68 silly placeDep ROOT jsonwebtoken@9.0.3 OK for: firebase-admin@13.10.0 want: ^9.0.0
69 silly placeDep ROOT jwks-rsa@3.2.2 OK for: firebase-admin@13.10.0 want: ^3.1.0
70 silly fetch manifest tslib@^2.1.0
71 silly packumentCache full:https://registry.npmjs.org/tslib cache-miss
72 silly fetch manifest @firebase/util@1.15.1
73 silly packumentCache full:https://registry.npmjs.org/@firebase%2futil cache-miss
74 silly fetch manifest @firebase/logger@0.5.1
75 silly packumentCache full:https://registry.npmjs.org/@firebase%2flogger cache-miss
76 silly fetch manifest @firebase/database@1.1.3
77 silly packumentCache full:https://registry.npmjs.org/@firebase%2fdatabase cache-miss
78 silly fetch manifest @firebase/component@0.7.3
79 silly packumentCache full:https://registry.npmjs.org/@firebase%2fcomponent cache-miss
80 silly fetch manifest @firebase/database-types@1.0.20
81 silly packumentCache full:https://registry.npmjs.org/@firebase%2fdatabase-types cache-miss
82 silly fetch manifest @firebase/util@1.15.1
83 silly packumentCache full:https://registry.npmjs.org/@firebase%2futil cache-miss
84 http fetch GET 200 https://registry.npmjs.org/@firebase%2fdatabase-types 15ms (cache hit)
85 silly packumentCache full:https://registry.npmjs.org/@firebase%2fdatabase-types set size:9140382 disposed:false
86 silly fetch manifest @firebase/app-types@0.9.5
87 silly packumentCache full:https://registry.npmjs.org/@firebase%2fapp-types cache-miss
88 http fetch GET 200 https://registry.npmjs.org/tslib 133ms (cache miss)
89 silly packumentCache full:https://registry.npmjs.org/tslib set size:undefined disposed:false
90 silly fetch manifest google-gax@^4.3.3
91 silly packumentCache full:https://registry.npmjs.org/google-gax cache-miss
92 http fetch GET 200 https://registry.npmjs.org/google-gax 202ms (cache miss)
93 silly packumentCache full:https://registry.npmjs.org/google-gax set size:undefined disposed:false
94 silly fetch manifest protobufjs@^7.2.6
95 silly packumentCache full:https://registry.npmjs.org/protobufjs cache-miss
96 http fetch GET 200 https://registry.npmjs.org/@firebase%2futil 355ms (cache miss)
97 silly packumentCache full:https://registry.npmjs.org/@firebase%2futil set size:undefined disposed:false
98 silly fetch manifest @opentelemetry/api@^1.3.0
99 silly packumentCache full:https://registry.npmjs.org/@opentelemetry%2fapi cache-miss
100 http fetch GET 200 https://registry.npmjs.org/protobufjs 78ms (cache miss)
101 silly packumentCache full:https://registry.npmjs.org/protobufjs set size:undefined disposed:false
102 silly fetch manifest functional-red-black-tree@^1.0.1
103 silly packumentCache full:https://registry.npmjs.org/functional-red-black-tree cache-miss
104 http fetch GET 200 https://registry.npmjs.org/@firebase%2fapp-types 392ms (cache miss)
105 silly packumentCache full:https://registry.npmjs.org/@firebase%2fapp-types set size:undefined disposed:false
106 silly fetch manifest @google-cloud/paginator@^5.0.0
107 silly packumentCache full:https://registry.npmjs.org/@google-cloud%2fpaginator cache-miss
108 http fetch GET 200 https://registry.npmjs.org/@opentelemetry%2fapi 80ms (cache miss)
109 silly packumentCache full:https://registry.npmjs.org/@opentelemetry%2fapi set size:undefined disposed:false
110 silly fetch manifest @google-cloud/projectify@^4.0.0
111 silly packumentCache full:https://registry.npmjs.org/@google-cloud%2fprojectify cache-miss
112 http fetch GET 200 https://registry.npmjs.org/functional-red-black-tree 56ms (cache miss)
113 silly packumentCache full:https://registry.npmjs.org/functional-red-black-tree set size:undefined disposed:false
114 silly fetch manifest @google-cloud/promisify@<4.1.0
115 silly packumentCache full:https://registry.npmjs.org/@google-cloud%2fpromisify cache-miss
116 http fetch GET 200 https://registry.npmjs.org/@firebase%2futil 498ms (cache miss)
117 silly packumentCache full:https://registry.npmjs.org/@firebase%2futil set size:undefined disposed:false
118 silly fetch manifest abort-controller@^3.0.0
119 silly packumentCache full:https://registry.npmjs.org/abort-controller cache-miss
120 http fetch GET 200 https://registry.npmjs.org/abort-controller 115ms (cache miss)
121 silly packumentCache full:https://registry.npmjs.org/abort-controller set size:undefined disposed:false
122 silly fetch manifest async-retry@^1.3.3
123 silly packumentCache full:https://registry.npmjs.org/async-retry cache-miss
124 http fetch GET 200 https://registry.npmjs.org/async-retry 62ms (cache miss)
125 silly packumentCache full:https://registry.npmjs.org/async-retry set size:undefined disposed:false
126 silly fetch manifest duplexify@^4.1.3
127 silly packumentCache full:https://registry.npmjs.org/duplexify cache-miss
128 http fetch GET 200 https://registry.npmjs.org/@google-cloud%2fpromisify 276ms (cache miss)
129 silly packumentCache full:https://registry.npmjs.org/@google-cloud%2fpromisify set size:undefined disposed:false
130 silly fetch manifest fast-xml-parser@^5.3.4
131 silly packumentCache full:https://registry.npmjs.org/fast-xml-parser cache-miss
132 http fetch GET 200 https://registry.npmjs.org/@google-cloud%2fpaginator 304ms (cache miss)
133 silly packumentCache full:https://registry.npmjs.org/@google-cloud%2fpaginator set size:undefined disposed:false
134 silly fetch manifest gaxios@^6.0.2
135 silly packumentCache full:https://registry.npmjs.org/gaxios cache-miss
136 http fetch GET 200 https://registry.npmjs.org/duplexify 54ms (cache miss)
137 silly packumentCache full:https://registry.npmjs.org/duplexify set size:undefined disposed:false
138 silly fetch manifest google-auth-library@^9.6.3
139 silly packumentCache full:https://registry.npmjs.org/google-auth-library cache-miss
140 http fetch GET 200 https://registry.npmjs.org/google-auth-library 4ms (cache hit)
141 silly packumentCache full:https://registry.npmjs.org/google-auth-library set size:724318 disposed:false
142 silly fetch manifest html-entities@^2.5.2
143 silly packumentCache full:https://registry.npmjs.org/html-entities cache-miss
144 http fetch GET 200 https://registry.npmjs.org/@firebase%2flogger 798ms (cache miss)
145 silly packumentCache full:https://registry.npmjs.org/@firebase%2flogger set size:undefined disposed:false
146 silly fetch manifest mime@^3.0.0
147 silly packumentCache full:https://registry.npmjs.org/mime cache-miss
148 http fetch GET 200 https://registry.npmjs.org/@firebase%2fcomponent 849ms (cache miss)
149 silly packumentCache full:https://registry.npmjs.org/@firebase%2fcomponent set size:undefined disposed:false
150 silly fetch manifest p-limit@^3.0.1
151 silly packumentCache full:https://registry.npmjs.org/p-limit cache-miss
152 http fetch GET 200 https://registry.npmjs.org/@google-cloud%2fprojectify 408ms (cache miss)
153 silly packumentCache full:https://registry.npmjs.org/@google-cloud%2fprojectify set size:undefined disposed:false
154 silly fetch manifest retry-request@^7.0.0
155 silly packumentCache full:https://registry.npmjs.org/retry-request cache-miss
156 http fetch GET 200 https://registry.npmjs.org/gaxios 121ms (cache miss)
157 silly packumentCache full:https://registry.npmjs.org/gaxios set size:undefined disposed:false
158 silly fetch manifest teeny-request@^9.0.0
159 silly packumentCache full:https://registry.npmjs.org/teeny-request cache-miss
160 http fetch GET 200 https://registry.npmjs.org/fast-xml-parser 135ms (cache miss)
161 silly packumentCache full:https://registry.npmjs.org/fast-xml-parser set size:undefined disposed:false
162 silly fetch manifest uuid@^8.0.0
163 silly packumentCache full:https://registry.npmjs.org/uuid cache-miss
164 http fetch GET 200 https://registry.npmjs.org/mime 68ms (cache miss)
165 silly packumentCache full:https://registry.npmjs.org/mime set size:undefined disposed:false
166 silly fetch manifest base64-js@^1.3.0
167 silly packumentCache full:https://registry.npmjs.org/base64-js cache-miss
168 http fetch GET 200 https://registry.npmjs.org/p-limit 53ms (cache miss)
169 silly packumentCache full:https://registry.npmjs.org/p-limit set size:undefined disposed:false
170 silly fetch manifest ecdsa-sig-formatter@^1.0.11
171 silly packumentCache full:https://registry.npmjs.org/ecdsa-sig-formatter cache-miss
172 http fetch GET 200 https://registry.npmjs.org/base64-js 48ms (cache miss)
173 silly packumentCache full:https://registry.npmjs.org/base64-js set size:undefined disposed:false
174 silly fetch manifest gaxios@^7.1.4
175 silly packumentCache full:https://registry.npmjs.org/gaxios cache-miss
176 http fetch GET 200 https://registry.npmjs.org/gaxios 2ms (cache hit)
177 silly packumentCache full:https://registry.npmjs.org/gaxios set size:345358 disposed:false
178 silly fetch manifest gcp-metadata@8.1.2
179 silly packumentCache full:https://registry.npmjs.org/gcp-metadata cache-miss
180 http fetch GET 200 https://registry.npmjs.org/uuid 68ms (cache miss)
181 silly packumentCache full:https://registry.npmjs.org/uuid set size:undefined disposed:false
182 silly fetch manifest google-logging-utils@1.1.3
183 silly packumentCache full:https://registry.npmjs.org/google-logging-utils cache-miss
184 http fetch GET 200 https://registry.npmjs.org/teeny-request 83ms (cache miss)
185 silly packumentCache full:https://registry.npmjs.org/teeny-request set size:undefined disposed:false
186 silly fetch manifest jws@^4.0.0
187 silly packumentCache full:https://registry.npmjs.org/jws cache-miss
188 http fetch GET 200 https://registry.npmjs.org/ecdsa-sig-formatter 51ms (cache miss)
189 silly packumentCache full:https://registry.npmjs.org/ecdsa-sig-formatter set size:undefined disposed:false
190 silly fetch manifest ms@^2.1.1
191 silly packumentCache full:https://registry.npmjs.org/ms cache-miss
192 http fetch GET 200 https://registry.npmjs.org/gcp-metadata 55ms (cache miss)
193 silly packumentCache full:https://registry.npmjs.org/gcp-metadata set size:undefined disposed:false
194 silly fetch manifest jws@^4.0.1
195 silly packumentCache full:https://registry.npmjs.org/jws cache-miss
196 http fetch GET 200 https://registry.npmjs.org/html-entities 235ms (cache miss)
197 silly packumentCache full:https://registry.npmjs.org/html-entities set size:undefined disposed:false
198 silly fetch manifest semver@^7.5.4
199 silly packumentCache full:https://registry.npmjs.org/semver cache-miss
200 http fetch GET 200 https://registry.npmjs.org/google-logging-utils 51ms (cache miss)
201 silly packumentCache full:https://registry.npmjs.org/google-logging-utils set size:undefined disposed:false
202 silly fetch manifest lodash.once@^4.0.0
203 silly packumentCache full:https://registry.npmjs.org/lodash.once cache-miss
204 http fetch GET 200 https://registry.npmjs.org/jws 53ms (cache miss)
205 silly packumentCache full:https://registry.npmjs.org/jws set size:undefined disposed:false
206 silly fetch manifest lodash.includes@^4.3.0
207 silly packumentCache full:https://registry.npmjs.org/lodash.includes cache-miss
208 http fetch GET 200 https://registry.npmjs.org/jws 119ms (cache miss)
209 silly packumentCache full:https://registry.npmjs.org/jws set size:undefined disposed:false
210 silly fetch manifest lodash.isnumber@^3.0.3
211 silly packumentCache full:https://registry.npmjs.org/lodash.isnumber cache-miss
212 http fetch GET 200 https://registry.npmjs.org/ms 147ms (cache miss)
213 silly packumentCache full:https://registry.npmjs.org/ms set size:undefined disposed:false
214 silly fetch manifest lodash.isstring@^4.0.1
215 silly packumentCache full:https://registry.npmjs.org/lodash.isstring cache-miss
216 http fetch GET 200 https://registry.npmjs.org/lodash.includes 122ms (cache miss)
217 silly packumentCache full:https://registry.npmjs.org/lodash.includes set size:undefined disposed:false
218 silly fetch manifest lodash.isboolean@^3.0.3
219 silly packumentCache full:https://registry.npmjs.org/lodash.isboolean cache-miss
220 http fetch GET 200 https://registry.npmjs.org/lodash.isstring 46ms (cache miss)
221 silly packumentCache full:https://registry.npmjs.org/lodash.isstring set size:undefined disposed:false
222 silly fetch manifest lodash.isinteger@^4.0.4
223 silly packumentCache full:https://registry.npmjs.org/lodash.isinteger cache-miss
224 http fetch GET 200 https://registry.npmjs.org/lodash.isnumber 53ms (cache miss)
225 silly packumentCache full:https://registry.npmjs.org/lodash.isnumber set size:undefined disposed:false
226 silly fetch manifest lodash.isplainobject@^4.0.6
227 silly packumentCache full:https://registry.npmjs.org/lodash.isplainobject cache-miss
228 http fetch GET 200 https://registry.npmjs.org/lodash.isboolean 52ms (cache miss)
229 silly packumentCache full:https://registry.npmjs.org/lodash.isboolean set size:undefined disposed:false
230 silly fetch manifest jose@^4.15.4
231 silly packumentCache full:https://registry.npmjs.org/jose cache-miss
232 http fetch GET 200 https://registry.npmjs.org/lodash.once 200ms (cache miss)
233 silly packumentCache full:https://registry.npmjs.org/lodash.once set size:undefined disposed:false
234 silly fetch manifest debug@^4.3.4
235 silly packumentCache full:https://registry.npmjs.org/debug cache-miss
236 http fetch GET 200 https://registry.npmjs.org/lodash.isinteger 53ms (cache miss)
237 silly packumentCache full:https://registry.npmjs.org/lodash.isinteger set size:undefined disposed:false
238 silly fetch manifest limiter@^1.1.5
239 silly packumentCache full:https://registry.npmjs.org/limiter cache-miss
240 http fetch GET 200 https://registry.npmjs.org/lodash.isplainobject 57ms (cache miss)
241 silly packumentCache full:https://registry.npmjs.org/lodash.isplainobject set size:undefined disposed:false
242 silly fetch manifest lru-memoizer@^2.2.0
243 silly packumentCache full:https://registry.npmjs.org/lru-memoizer cache-miss
244 http fetch GET 200 https://registry.npmjs.org/debug 107ms (cache miss)
245 silly packumentCache full:https://registry.npmjs.org/debug set size:undefined disposed:false
246 silly fetch manifest @types/jsonwebtoken@^9.0.4
247 silly packumentCache full:https://registry.npmjs.org/@types%2fjsonwebtoken cache-miss
248 http fetch GET 200 https://registry.npmjs.org/limiter 104ms (cache miss)
249 silly packumentCache full:https://registry.npmjs.org/limiter set size:undefined disposed:false
250 http fetch GET 200 https://registry.npmjs.org/lru-memoizer 96ms (cache miss)
251 silly packumentCache full:https://registry.npmjs.org/lru-memoizer set size:undefined disposed:false
252 http fetch GET 200 https://registry.npmjs.org/jose 146ms (cache miss)
253 silly packumentCache full:https://registry.npmjs.org/jose set size:undefined disposed:false
254 http fetch GET 200 https://registry.npmjs.org/@firebase%2fdatabase 1357ms (cache miss)
255 silly packumentCache full:https://registry.npmjs.org/@firebase%2fdatabase set size:undefined disposed:false
256 http fetch GET 200 https://registry.npmjs.org/retry-request 527ms (cache miss)
257 silly packumentCache full:https://registry.npmjs.org/retry-request set size:undefined disposed:false
258 http fetch GET 200 https://registry.npmjs.org/semver 396ms (cache miss)
259 silly packumentCache full:https://registry.npmjs.org/semver set size:undefined disposed:false
260 http fetch GET 200 https://registry.npmjs.org/@types%2fjsonwebtoken 84ms (cache miss)
261 silly packumentCache full:https://registry.npmjs.org/@types%2fjsonwebtoken set size:undefined disposed:false
262 silly placeDep ROOT @firebase/component@0.7.3 OK for: @firebase/database-compat@2.1.4 want: 0.7.3
263 silly placeDep ROOT @firebase/database@1.1.3 OK for: @firebase/database-compat@2.1.4 want: 1.1.3
264 silly placeDep ROOT @firebase/logger@0.5.1 OK for: @firebase/database-compat@2.1.4 want: 0.5.1
265 silly placeDep ROOT @firebase/util@1.15.1 OK for: @firebase/database-compat@2.1.4 want: 1.15.1
266 silly placeDep ROOT tslib@2.8.1 OK for: @firebase/database-compat@2.1.4 want: ^2.1.0
267 silly fetch manifest faye-websocket@0.11.4
268 silly packumentCache full:https://registry.npmjs.org/faye-websocket cache-miss
269 silly fetch manifest @firebase/auth-interop-types@0.2.5
270 silly packumentCache full:https://registry.npmjs.org/@firebase%2fauth-interop-types cache-miss
271 silly fetch manifest @firebase/app-check-interop-types@0.3.4
272 silly packumentCache full:https://registry.npmjs.org/@firebase%2fapp-check-interop-types cache-miss
273 http fetch GET 200 https://registry.npmjs.org/faye-websocket 58ms (cache miss)
274 silly packumentCache full:https://registry.npmjs.org/faye-websocket set size:undefined disposed:false
275 http fetch GET 200 https://registry.npmjs.org/@firebase%2fapp-check-interop-types 526ms (cache miss)
276 silly packumentCache full:https://registry.npmjs.org/@firebase%2fapp-check-interop-types set size:undefined disposed:false
277 http fetch GET 200 https://registry.npmjs.org/@firebase%2fauth-interop-types 545ms (cache miss)
278 silly packumentCache full:https://registry.npmjs.org/@firebase%2fauth-interop-types set size:undefined disposed:false
279 silly placeDep ROOT @firebase/app-check-interop-types@0.3.4 OK for: @firebase/database@1.1.3 want: 0.3.4
280 silly placeDep ROOT @firebase/auth-interop-types@0.2.5 OK for: @firebase/database@1.1.3 want: 0.2.5
281 silly placeDep ROOT faye-websocket@0.11.4 OK for: @firebase/database@1.1.3 want: 0.11.4
282 silly fetch manifest websocket-driver@>=0.5.1
283 silly packumentCache full:https://registry.npmjs.org/websocket-driver cache-miss
284 http fetch GET 200 https://registry.npmjs.org/websocket-driver 51ms (cache miss)
285 silly packumentCache full:https://registry.npmjs.org/websocket-driver set size:undefined disposed:false
286 silly placeDep ROOT @firebase/app-types@0.9.5 OK for: @firebase/database-types@1.0.20 want: 0.9.5
287 silly placeDep ROOT @opentelemetry/api@1.9.1 OK for: @google-cloud/firestore@7.11.6 want: ^1.3.0
288 silly placeDep ROOT functional-red-black-tree@1.0.1 OK for: @google-cloud/firestore@7.11.6 want: ^1.0.1
289 silly placeDep ROOT google-gax@4.6.1 OK for: @google-cloud/firestore@7.11.6 want: ^4.3.3
290 silly placeDep ROOT protobufjs@7.6.1 OK for: @google-cloud/firestore@7.11.6 want: ^7.2.6
291 silly fetch manifest uuid@^9.0.1
292 silly packumentCache full:https://registry.npmjs.org/uuid cache-miss
293 silly fetch manifest duplexify@^4.0.0
294 silly packumentCache full:https://registry.npmjs.org/duplexify cache-miss
295 silly fetch manifest node-fetch@^2.7.0
296 silly packumentCache full:https://registry.npmjs.org/node-fetch cache-miss
297 silly fetch manifest protobufjs@^7.3.2
298 silly packumentCache full:https://registry.npmjs.org/protobufjs cache-miss
299 silly fetch manifest @types/long@^4.0.0
300 silly packumentCache full:https://registry.npmjs.org/@types%2flong cache-miss
301 silly fetch manifest object-hash@^3.0.0
302 silly packumentCache full:https://registry.npmjs.org/object-hash cache-miss
303 silly fetch manifest @grpc/grpc-js@^1.10.9
304 silly packumentCache full:https://registry.npmjs.org/@grpc%2fgrpc-js cache-miss
305 http fetch GET 200 https://registry.npmjs.org/uuid 7ms (cache hit)
306 silly packumentCache full:https://registry.npmjs.org/uuid set size:234700 disposed:false
307 silly fetch manifest @grpc/proto-loader@^0.7.13
308 silly packumentCache full:https://registry.npmjs.org/@grpc%2fproto-loader cache-miss
309 http fetch GET 200 https://registry.npmjs.org/protobufjs 9ms (cache hit)
310 silly packumentCache full:https://registry.npmjs.org/protobufjs set size:684892 disposed:false
311 silly fetch manifest google-auth-library@^9.3.0
312 silly packumentCache full:https://registry.npmjs.org/google-auth-library cache-hit
313 silly fetch manifest proto3-json-serializer@^2.0.2
314 silly packumentCache full:https://registry.npmjs.org/proto3-json-serializer cache-miss
315 http fetch GET 200 https://registry.npmjs.org/duplexify 15ms (cache hit)
316 silly packumentCache full:https://registry.npmjs.org/duplexify set size:73064 disposed:false
317 silly fetch manifest @protobufjs/aspromise@^1.1.2
318 silly packumentCache full:https://registry.npmjs.org/@protobufjs%2faspromise cache-miss
319 http fetch GET 200 https://registry.npmjs.org/@protobufjs%2faspromise 128ms (cache miss)
320 silly packumentCache full:https://registry.npmjs.org/@protobufjs%2faspromise set size:undefined disposed:false
321 silly fetch manifest @protobufjs/base64@^1.1.2
322 silly packumentCache full:https://registry.npmjs.org/@protobufjs%2fbase64 cache-miss
323 http fetch GET 200 https://registry.npmjs.org/@types%2flong 145ms (cache miss)
324 silly packumentCache full:https://registry.npmjs.org/@types%2flong set size:undefined disposed:false
325 silly fetch manifest @protobufjs/codegen@^2.0.5
326 silly packumentCache full:https://registry.npmjs.org/@protobufjs%2fcodegen cache-miss
327 http fetch GET 200 https://registry.npmjs.org/proto3-json-serializer 133ms (cache miss)
328 silly packumentCache full:https://registry.npmjs.org/proto3-json-serializer set size:undefined disposed:false
329 silly fetch manifest @protobufjs/eventemitter@^1.1.1
330 silly packumentCache full:https://registry.npmjs.org/@protobufjs%2feventemitter cache-miss
331 http fetch GET 200 https://registry.npmjs.org/object-hash 148ms (cache miss)
332 silly packumentCache full:https://registry.npmjs.org/object-hash set size:undefined disposed:false
333 silly fetch manifest @protobufjs/fetch@^1.1.1
334 silly packumentCache full:https://registry.npmjs.org/@protobufjs%2ffetch cache-miss
335 http fetch GET 200 https://registry.npmjs.org/@grpc%2fproto-loader 143ms (cache miss)
336 silly packumentCache full:https://registry.npmjs.org/@grpc%2fproto-loader set size:undefined disposed:false
337 silly fetch manifest @protobufjs/float@^1.0.2
338 silly packumentCache full:https://registry.npmjs.org/@protobufjs%2ffloat cache-miss
339 http fetch GET 200 https://registry.npmjs.org/@protobufjs%2fbase64 66ms (cache miss)
340 silly packumentCache full:https://registry.npmjs.org/@protobufjs%2fbase64 set size:undefined disposed:false
341 silly fetch manifest @protobufjs/inquire@^1.1.2
342 silly packumentCache full:https://registry.npmjs.org/@protobufjs%2finquire cache-miss
343 http fetch GET 200 https://registry.npmjs.org/@protobufjs%2feventemitter 63ms (cache miss)
344 silly packumentCache full:https://registry.npmjs.org/@protobufjs%2feventemitter set size:undefined disposed:false
345 silly fetch manifest @protobufjs/path@^1.1.2
346 silly packumentCache full:https://registry.npmjs.org/@protobufjs%2fpath cache-miss
347 http fetch GET 200 https://registry.npmjs.org/@protobufjs%2fcodegen 66ms (cache miss)
348 silly packumentCache full:https://registry.npmjs.org/@protobufjs%2fcodegen set size:undefined disposed:false
349 silly fetch manifest @protobufjs/pool@^1.1.0
350 silly packumentCache full:https://registry.npmjs.org/@protobufjs%2fpool cache-miss
351 http fetch GET 200 https://registry.npmjs.org/@protobufjs%2ffetch 72ms (cache miss)
352 silly packumentCache full:https://registry.npmjs.org/@protobufjs%2ffetch set size:undefined disposed:false
353 silly fetch manifest @protobufjs/utf8@^1.1.1
354 silly packumentCache full:https://registry.npmjs.org/@protobufjs%2futf8 cache-miss
355 http fetch GET 200 https://registry.npmjs.org/@protobufjs%2ffloat 71ms (cache miss)
356 silly packumentCache full:https://registry.npmjs.org/@protobufjs%2ffloat set size:undefined disposed:false
357 silly fetch manifest @types/node@>=13.7.0
358 silly packumentCache full:https://registry.npmjs.org/@types%2fnode cache-miss
359 http fetch GET 200 https://registry.npmjs.org/@protobufjs%2finquire 62ms (cache miss)
360 silly packumentCache full:https://registry.npmjs.org/@protobufjs%2finquire set size:undefined disposed:false
361 silly fetch manifest long@^5.3.2
362 silly packumentCache full:https://registry.npmjs.org/long cache-miss
363 http fetch GET 200 https://registry.npmjs.org/@protobufjs%2fpool 60ms (cache miss)
364 silly packumentCache full:https://registry.npmjs.org/@protobufjs%2fpool set size:undefined disposed:false
365 http fetch GET 200 https://registry.npmjs.org/@grpc%2fgrpc-js 278ms (cache miss)
366 silly packumentCache full:https://registry.npmjs.org/@grpc%2fgrpc-js set size:undefined disposed:false
367 http fetch GET 200 https://registry.npmjs.org/@protobufjs%2futf8 64ms (cache miss)
368 silly packumentCache full:https://registry.npmjs.org/@protobufjs%2futf8 set size:undefined disposed:false
369 http fetch GET 200 https://registry.npmjs.org/@protobufjs%2fpath 78ms (cache miss)
370 silly packumentCache full:https://registry.npmjs.org/@protobufjs%2fpath set size:undefined disposed:false
371 http fetch GET 200 https://registry.npmjs.org/long 60ms (cache miss)
372 silly packumentCache full:https://registry.npmjs.org/long set size:undefined disposed:false
373 http fetch GET 200 https://registry.npmjs.org/@types%2fnode 188ms (cache miss)
374 silly packumentCache full:https://registry.npmjs.org/@types%2fnode set size:undefined disposed:false
375 http fetch GET 200 https://registry.npmjs.org/node-fetch 494ms (cache miss)
376 silly packumentCache full:https://registry.npmjs.org/node-fetch set size:undefined disposed:false
377 silly placeDep ROOT @google-cloud/paginator@5.0.2 OK for: @google-cloud/storage@7.19.0 want: ^5.0.0
378 silly placeDep ROOT @google-cloud/projectify@4.0.0 OK for: @google-cloud/storage@7.19.0 want: ^4.0.0
379 silly placeDep ROOT @google-cloud/promisify@4.0.0 OK for: @google-cloud/storage@7.19.0 want: <4.1.0
380 silly placeDep ROOT abort-controller@3.0.0 OK for: @google-cloud/storage@7.19.0 want: ^3.0.0
381 silly placeDep ROOT async-retry@1.3.3 OK for: @google-cloud/storage@7.19.0 want: ^1.3.3
382 silly placeDep ROOT duplexify@4.1.3 OK for: @google-cloud/storage@7.19.0 want: ^4.1.3
383 silly placeDep ROOT fast-xml-parser@5.8.0 OK for: @google-cloud/storage@7.19.0 want: ^5.3.4
384 silly placeDep ROOT gaxios@6.7.1 OK for: @google-cloud/storage@7.19.0 want: ^6.0.2
385 silly placeDep node_modules/@google-cloud/storage google-auth-library@9.15.1 OK for: @google-cloud/storage@7.19.0 want: ^9.6.3
386 silly placeDep ROOT html-entities@2.6.0 OK for: @google-cloud/storage@7.19.0 want: ^2.5.2
387 silly placeDep ROOT mime@3.0.0 OK for: @google-cloud/storage@7.19.0 want: ^3.0.0
388 silly placeDep ROOT p-limit@3.1.0 OK for: @google-cloud/storage@7.19.0 want: ^3.0.1
389 silly placeDep ROOT retry-request@7.0.2 OK for: @google-cloud/storage@7.19.0 want: ^7.0.0
390 silly placeDep ROOT teeny-request@9.0.0 OK for: @google-cloud/storage@7.19.0 want: ^9.0.0
391 silly placeDep ROOT uuid@8.3.2 OK for: @google-cloud/storage@7.19.0 want: ^8.0.0
392 silly fetch manifest arrify@^2.0.0
393 silly packumentCache full:https://registry.npmjs.org/arrify cache-miss
394 silly fetch manifest extend@^3.0.2
395 silly packumentCache full:https://registry.npmjs.org/extend cache-miss
396 silly fetch manifest event-target-shim@^5.0.0
397 silly packumentCache full:https://registry.npmjs.org/event-target-shim cache-miss
398 silly fetch manifest retry@0.13.1
399 silly packumentCache full:https://registry.npmjs.org/retry cache-miss
400 silly fetch manifest end-of-stream@^1.4.1
401 silly packumentCache full:https://registry.npmjs.org/end-of-stream cache-miss
402 silly fetch manifest inherits@^2.0.3
403 silly packumentCache full:https://registry.npmjs.org/inherits cache-miss
404 silly fetch manifest readable-stream@^3.1.1
405 silly packumentCache full:https://registry.npmjs.org/readable-stream cache-miss
406 http fetch GET 200 https://registry.npmjs.org/arrify 53ms (cache miss)
407 silly packumentCache full:https://registry.npmjs.org/arrify set size:undefined disposed:false
408 silly fetch manifest stream-shift@^1.0.2
409 silly packumentCache full:https://registry.npmjs.org/stream-shift cache-miss
410 http fetch GET 200 https://registry.npmjs.org/end-of-stream 57ms (cache miss)
411 silly packumentCache full:https://registry.npmjs.org/end-of-stream set size:undefined disposed:false
412 silly fetch manifest @nodable/entities@^2.1.0
413 silly packumentCache full:https://registry.npmjs.org/@nodable%2fentities cache-miss
414 http fetch GET 200 https://registry.npmjs.org/extend 60ms (cache miss)
415 silly packumentCache full:https://registry.npmjs.org/extend set size:undefined disposed:false
416 silly fetch manifest fast-xml-builder@^1.2.0
417 silly packumentCache full:https://registry.npmjs.org/fast-xml-builder cache-miss
418 http fetch GET 200 https://registry.npmjs.org/retry 61ms (cache miss)
419 silly packumentCache full:https://registry.npmjs.org/retry set size:undefined disposed:false
420 silly fetch manifest path-expression-matcher@^1.5.0
421 silly packumentCache full:https://registry.npmjs.org/path-expression-matcher cache-miss
422 http fetch GET 200 https://registry.npmjs.org/inherits 64ms (cache miss)
423 silly packumentCache full:https://registry.npmjs.org/inherits set size:undefined disposed:false
424 silly fetch manifest strnum@^2.3.0
425 silly packumentCache full:https://registry.npmjs.org/strnum cache-miss
426 http fetch GET 200 https://registry.npmjs.org/readable-stream 64ms (cache miss)
427 silly packumentCache full:https://registry.npmjs.org/readable-stream set size:undefined disposed:false
428 silly fetch manifest xml-naming@^0.1.0
429 silly packumentCache full:https://registry.npmjs.org/xml-naming cache-miss
430 http fetch GET 200 https://registry.npmjs.org/stream-shift 103ms (cache miss)
431 silly packumentCache full:https://registry.npmjs.org/stream-shift set size:undefined disposed:false
432 silly fetch manifest is-stream@^2.0.0
433 silly packumentCache full:https://registry.npmjs.org/is-stream cache-miss
434 http fetch GET 200 https://registry.npmjs.org/event-target-shim 157ms (cache miss)
435 silly packumentCache full:https://registry.npmjs.org/event-target-shim set size:undefined disposed:false
436 silly fetch manifest node-fetch@^2.6.9
437 silly packumentCache full:https://registry.npmjs.org/node-fetch cache-miss
438 http fetch GET 200 https://registry.npmjs.org/node-fetch 4ms (cache hit)
439 silly packumentCache full:https://registry.npmjs.org/node-fetch set size:896010 disposed:false
440 silly fetch manifest https-proxy-agent@^7.0.1
441 silly packumentCache full:https://registry.npmjs.org/https-proxy-agent cache-miss
442 http fetch GET 200 https://registry.npmjs.org/fast-xml-builder 140ms (cache miss)
443 silly packumentCache full:https://registry.npmjs.org/fast-xml-builder set size:undefined disposed:false
444 silly fetch manifest gtoken@^7.0.0
445 silly packumentCache full:https://registry.npmjs.org/gtoken cache-miss
446 http fetch GET 200 https://registry.npmjs.org/path-expression-matcher 139ms (cache miss)
447 silly packumentCache full:https://registry.npmjs.org/path-expression-matcher set size:undefined disposed:false
448 silly fetch manifest gcp-metadata@^6.1.0
449 silly packumentCache full:https://registry.npmjs.org/gcp-metadata cache-miss
450 http fetch GET 200 https://registry.npmjs.org/xml-naming 136ms (cache miss)
451 silly packumentCache full:https://registry.npmjs.org/xml-naming set size:undefined disposed:false
452 silly fetch manifest yocto-queue@^0.1.0
453 silly packumentCache full:https://registry.npmjs.org/yocto-queue cache-miss
454 http fetch GET 200 https://registry.npmjs.org/strnum 140ms (cache miss)
455 silly packumentCache full:https://registry.npmjs.org/strnum set size:undefined disposed:false
456 silly fetch manifest @types/request@^2.48.8
457 silly packumentCache full:https://registry.npmjs.org/@types%2frequest cache-miss
458 http fetch GET 200 https://registry.npmjs.org/gcp-metadata 5ms (cache hit)
459 silly packumentCache full:https://registry.npmjs.org/gcp-metadata set size:191448 disposed:false
460 silly fetch manifest uuid@^9.0.0
461 silly packumentCache full:https://registry.npmjs.org/uuid cache-hit
462 silly fetch manifest stream-events@^1.0.5
463 silly packumentCache full:https://registry.npmjs.org/stream-events cache-miss
464 http fetch GET 200 https://registry.npmjs.org/@nodable%2fentities 155ms (cache miss)
465 silly packumentCache full:https://registry.npmjs.org/@nodable%2fentities set size:undefined disposed:false
466 silly fetch manifest http-proxy-agent@^5.0.0
467 silly packumentCache full:https://registry.npmjs.org/http-proxy-agent cache-miss
468 http fetch GET 200 https://registry.npmjs.org/is-stream 58ms (cache miss)
469 silly packumentCache full:https://registry.npmjs.org/is-stream set size:undefined disposed:false
470 silly fetch manifest https-proxy-agent@^5.0.0
471 silly packumentCache full:https://registry.npmjs.org/https-proxy-agent cache-miss
472 http fetch GET 200 https://registry.npmjs.org/https-proxy-agent 63ms (cache miss)
473 silly packumentCache full:https://registry.npmjs.org/https-proxy-agent set size:undefined disposed:false
474 http fetch GET 200 https://registry.npmjs.org/yocto-queue 52ms (cache miss)
475 silly packumentCache full:https://registry.npmjs.org/yocto-queue set size:undefined disposed:false
476 http fetch GET 200 https://registry.npmjs.org/stream-events 56ms (cache miss)
477 silly packumentCache full:https://registry.npmjs.org/stream-events set size:undefined disposed:false
478 http fetch GET 200 https://registry.npmjs.org/http-proxy-agent 53ms (cache miss)
479 silly packumentCache full:https://registry.npmjs.org/http-proxy-agent set size:undefined disposed:false
480 http fetch GET 200 https://registry.npmjs.org/@types%2frequest 65ms (cache miss)
481 silly packumentCache full:https://registry.npmjs.org/@types%2frequest set size:undefined disposed:false
482 http fetch GET 200 https://registry.npmjs.org/gtoken 70ms (cache miss)
483 silly packumentCache full:https://registry.npmjs.org/gtoken set size:undefined disposed:false
484 http fetch GET 200 https://registry.npmjs.org/https-proxy-agent 58ms (cache miss)
485 silly packumentCache full:https://registry.npmjs.org/https-proxy-agent set size:undefined disposed:false
486 silly placeDep ROOT arrify@2.0.1 OK for: @google-cloud/paginator@5.0.2 want: ^2.0.0
487 silly placeDep ROOT extend@3.0.2 OK for: @google-cloud/paginator@5.0.2 want: ^3.0.2
488 silly placeDep ROOT event-target-shim@5.0.1 OK for: abort-controller@3.0.0 want: ^5.0.0
489 silly placeDep ROOT retry@0.13.1 OK for: async-retry@1.3.3 want: 0.13.1
490 silly placeDep ROOT end-of-stream@1.4.5 OK for: duplexify@4.1.3 want: ^1.4.1
491 silly placeDep ROOT inherits@2.0.4 OK for: duplexify@4.1.3 want: ^2.0.3
492 silly placeDep ROOT readable-stream@3.6.2 OK for: duplexify@4.1.3 want: ^3.1.1
493 silly placeDep ROOT stream-shift@1.0.3 OK for: duplexify@4.1.3 want: ^1.0.2
494 silly fetch manifest once@^1.4.0
495 silly packumentCache full:https://registry.npmjs.org/once cache-miss
496 silly fetch manifest string_decoder@^1.1.1
497 silly packumentCache full:https://registry.npmjs.org/string_decoder cache-miss
498 silly fetch manifest util-deprecate@^1.0.1
499 silly packumentCache full:https://registry.npmjs.org/util-deprecate cache-miss
500 http fetch GET 200 https://registry.npmjs.org/util-deprecate 53ms (cache miss)
501 silly packumentCache full:https://registry.npmjs.org/util-deprecate set size:undefined disposed:false
502 http fetch GET 200 https://registry.npmjs.org/once 54ms (cache miss)
503 silly packumentCache full:https://registry.npmjs.org/once set size:undefined disposed:false
504 http fetch GET 200 https://registry.npmjs.org/string_decoder 54ms (cache miss)
505 silly packumentCache full:https://registry.npmjs.org/string_decoder set size:undefined disposed:false
506 silly placeDep ROOT once@1.4.0 OK for: end-of-stream@1.4.5 want: ^1.4.0
507 silly fetch manifest wrappy@1
508 silly packumentCache full:https://registry.npmjs.org/wrappy cache-miss
509 http fetch GET 200 https://registry.npmjs.org/wrappy 52ms (cache miss)
510 silly packumentCache full:https://registry.npmjs.org/wrappy set size:undefined disposed:false
511 silly placeDep ROOT @nodable/entities@2.1.1 OK for: fast-xml-parser@5.8.0 want: ^2.1.0
512 silly placeDep ROOT fast-xml-builder@1.2.0 OK for: fast-xml-parser@5.8.0 want: ^1.2.0
513 silly placeDep ROOT path-expression-matcher@1.5.0 OK for: fast-xml-parser@5.8.0 want: ^1.5.0
514 silly placeDep ROOT strnum@2.3.0 OK for: fast-xml-parser@5.8.0 want: ^2.3.0
515 silly placeDep ROOT xml-naming@0.1.0 OK for: fast-xml-parser@5.8.0 want: ^0.1.0
516 silly placeDep ROOT websocket-driver@0.7.4 OK for: faye-websocket@0.11.4 want: >=0.5.1
517 silly fetch manifest http-parser-js@>=0.5.1
518 silly packumentCache full:https://registry.npmjs.org/http-parser-js cache-miss
519 silly fetch manifest safe-buffer@>=5.1.0
520 silly packumentCache full:https://registry.npmjs.org/safe-buffer cache-miss
521 silly fetch manifest websocket-extensions@>=0.1.1
522 silly packumentCache full:https://registry.npmjs.org/websocket-extensions cache-miss
523 http fetch GET 200 https://registry.npmjs.org/websocket-extensions 56ms (cache miss)
524 silly packumentCache full:https://registry.npmjs.org/websocket-extensions set size:undefined disposed:false
525 http fetch GET 200 https://registry.npmjs.org/safe-buffer 58ms (cache miss)
526 silly packumentCache full:https://registry.npmjs.org/safe-buffer set size:undefined disposed:false
527 http fetch GET 200 https://registry.npmjs.org/http-parser-js 60ms (cache miss)
528 silly packumentCache full:https://registry.npmjs.org/http-parser-js set size:undefined disposed:false
529 silly fetch manifest encoding@^0.1.0
530 silly packumentCache full:https://registry.npmjs.org/encoding cache-miss
531 http fetch GET 200 https://registry.npmjs.org/encoding 56ms (cache miss)
532 silly packumentCache full:https://registry.npmjs.org/encoding set size:undefined disposed:false
533 silly placeDep ROOT https-proxy-agent@7.0.6 OK for: gaxios@6.7.1 want: ^7.0.1
534 silly placeDep ROOT is-stream@2.0.1 OK for: gaxios@6.7.1 want: ^2.0.0
535 silly placeDep ROOT node-fetch@2.7.0 OK for: gaxios@6.7.1 want: ^2.6.9
536 silly placeDep node_modules/gaxios uuid@9.0.1 OK for: gaxios@6.7.1 want: ^9.0.1
537 silly fetch manifest debug@4
538 silly packumentCache full:https://registry.npmjs.org/debug cache-miss
539 silly fetch manifest agent-base@^7.1.2
540 silly packumentCache full:https://registry.npmjs.org/agent-base cache-miss
541 silly fetch manifest whatwg-url@^5.0.0
542 silly packumentCache full:https://registry.npmjs.org/whatwg-url cache-miss
543 http fetch GET 200 https://registry.npmjs.org/debug 5ms (cache hit)
544 silly packumentCache full:https://registry.npmjs.org/debug set size:195840 disposed:false
545 http fetch GET 200 https://registry.npmjs.org/agent-base 57ms (cache miss)
546 silly packumentCache full:https://registry.npmjs.org/agent-base set size:undefined disposed:false
547 http fetch GET 200 https://registry.npmjs.org/whatwg-url 59ms (cache miss)
548 silly packumentCache full:https://registry.npmjs.org/whatwg-url set size:undefined disposed:false
549 silly placeDep ROOT base64-js@1.5.1 OK for: google-auth-library@10.6.2 want: ^1.3.0
550 silly placeDep ROOT ecdsa-sig-formatter@1.0.11 OK for: google-auth-library@10.6.2 want: ^1.0.11
551 silly placeDep node_modules/google-auth-library gaxios@7.1.4 OK for: google-auth-library@10.6.2 want: ^7.1.4
552 silly placeDep ROOT gcp-metadata@8.1.2 OK for: google-auth-library@10.6.2 want: 8.1.2
553 silly placeDep ROOT google-logging-utils@1.1.3 OK for: google-auth-library@10.6.2 want: 1.1.3
554 silly placeDep ROOT jws@4.0.1 OK for: google-auth-library@10.6.2 want: ^4.0.0
555 silly fetch manifest safe-buffer@^5.0.1
556 silly packumentCache full:https://registry.npmjs.org/safe-buffer cache-miss
557 silly fetch manifest node-fetch@^3.3.2
558 silly packumentCache full:https://registry.npmjs.org/node-fetch cache-hit
559 silly fetch manifest gaxios@^7.0.0
560 silly packumentCache full:https://registry.npmjs.org/gaxios cache-hit
561 silly fetch manifest google-logging-utils@^1.0.0
562 silly packumentCache full:https://registry.npmjs.org/google-logging-utils cache-miss
563 silly fetch manifest json-bigint@^1.0.0
564 silly packumentCache full:https://registry.npmjs.org/json-bigint cache-miss
565 silly fetch manifest jwa@^2.0.1
566 silly packumentCache full:https://registry.npmjs.org/jwa cache-miss
567 silly fetch manifest safe-buffer@^5.0.1
568 silly packumentCache full:https://registry.npmjs.org/safe-buffer cache-miss
569 http fetch GET 200 https://registry.npmjs.org/google-logging-utils 6ms (cache hit)
570 silly packumentCache full:https://registry.npmjs.org/google-logging-utils set size:21694 disposed:false
571 http fetch GET 200 https://registry.npmjs.org/safe-buffer 7ms (cache hit)
572 silly packumentCache full:https://registry.npmjs.org/safe-buffer set size:41183 disposed:false
573 http fetch GET 200 https://registry.npmjs.org/safe-buffer 5ms (cache hit)
574 silly packumentCache full:https://registry.npmjs.org/safe-buffer set size:41183 disposed:false
575 silly packumentCache full:https://registry.npmjs.org/safe-buffer dispose
576 http fetch GET 200 https://registry.npmjs.org/json-bigint 99ms (cache miss)
577 silly packumentCache full:https://registry.npmjs.org/json-bigint set size:undefined disposed:false
578 http fetch GET 200 https://registry.npmjs.org/jwa 145ms (cache miss)
579 silly packumentCache full:https://registry.npmjs.org/jwa set size:undefined disposed:false
580 silly placeDep ROOT safe-buffer@5.2.1 OK for: ecdsa-sig-formatter@1.0.11 want: ^5.0.1
581 silly placeDep node_modules/gcp-metadata gaxios@7.1.4 OK for: gcp-metadata@8.1.2 want: ^7.0.0
582 silly placeDep ROOT json-bigint@1.0.0 OK for: gcp-metadata@8.1.2 want: ^1.0.0
583 silly fetch manifest bignumber.js@^9.0.0
584 silly packumentCache full:https://registry.npmjs.org/bignumber.js cache-miss
585 http fetch GET 200 https://registry.npmjs.org/bignumber.js 59ms (cache miss)
586 silly packumentCache full:https://registry.npmjs.org/bignumber.js set size:undefined disposed:false
587 silly placeDep ROOT @grpc/grpc-js@1.14.4 OK for: google-gax@4.6.1 want: ^1.10.9
588 silly placeDep ROOT @grpc/proto-loader@0.7.15 OK for: google-gax@4.6.1 want: ^0.7.13
589 silly placeDep ROOT @types/long@4.0.2 OK for: google-gax@4.6.1 want: ^4.0.0
590 silly placeDep node_modules/google-gax google-auth-library@9.15.1 OK for: google-gax@4.6.1 want: ^9.3.0
591 silly placeDep ROOT object-hash@3.0.0 OK for: google-gax@4.6.1 want: ^3.0.0
592 silly placeDep ROOT proto3-json-serializer@2.0.2 OK for: google-gax@4.6.1 want: ^2.0.2
593 silly placeDep node_modules/google-gax uuid@9.0.1 OK for: google-gax@4.6.1 want: ^9.0.1
594 silly fetch manifest @grpc/proto-loader@^0.8.0
595 silly packumentCache full:https://registry.npmjs.org/@grpc%2fproto-loader cache-miss
596 silly fetch manifest @js-sdsl/ordered-map@^4.4.2
597 silly packumentCache full:https://registry.npmjs.org/@js-sdsl%2fordered-map cache-miss
598 silly fetch manifest long@^5.0.0
599 silly packumentCache full:https://registry.npmjs.org/long cache-miss
600 silly fetch manifest yargs@^17.7.2
601 silly packumentCache full:https://registry.npmjs.org/yargs cache-miss
602 silly fetch manifest lodash.camelcase@^4.3.0
603 silly packumentCache full:https://registry.npmjs.org/lodash.camelcase cache-miss
604 http fetch GET 200 https://registry.npmjs.org/@grpc%2fproto-loader 7ms (cache hit)
605 silly packumentCache full:https://registry.npmjs.org/@grpc%2fproto-loader set size:218355 disposed:false
606 http fetch GET 200 https://registry.npmjs.org/long 8ms (cache hit)
607 silly packumentCache full:https://registry.npmjs.org/long set size:80704 disposed:false
608 http fetch GET 200 https://registry.npmjs.org/lodash.camelcase 64ms (cache miss)
609 silly packumentCache full:https://registry.npmjs.org/lodash.camelcase set size:undefined disposed:false
610 http fetch GET 200 https://registry.npmjs.org/@js-sdsl%2fordered-map 70ms (cache miss)
611 silly packumentCache full:https://registry.npmjs.org/@js-sdsl%2fordered-map set size:undefined disposed:false
612 http fetch GET 200 https://registry.npmjs.org/yargs 118ms (cache miss)
613 silly packumentCache full:https://registry.npmjs.org/yargs set size:undefined disposed:false
614 silly placeDep node_modules/@grpc/grpc-js @grpc/proto-loader@0.8.1 OK for: @grpc/grpc-js@1.14.4 want: ^0.8.0
615 silly placeDep ROOT @js-sdsl/ordered-map@4.4.2 OK for: @grpc/grpc-js@1.14.4 want: ^4.4.2
616 silly placeDep ROOT lodash.camelcase@4.3.0 OK for: @grpc/proto-loader@0.7.15 want: ^4.3.0
617 silly placeDep ROOT long@5.3.2 OK for: @grpc/proto-loader@0.7.15 want: ^5.0.0
618 silly placeDep ROOT yargs@17.7.2 OK for: @grpc/proto-loader@0.7.15 want: ^17.7.2
619 silly fetch manifest y18n@^5.0.5
620 silly packumentCache full:https://registry.npmjs.org/y18n cache-miss
621 silly fetch manifest cliui@^8.0.1
622 silly packumentCache full:https://registry.npmjs.org/cliui cache-miss
623 silly fetch manifest escalade@^3.1.1
624 silly packumentCache full:https://registry.npmjs.org/escalade cache-miss
625 silly fetch manifest string-width@^4.2.3
626 silly packumentCache full:https://registry.npmjs.org/string-width cache-miss
627 silly fetch manifest yargs-parser@^21.1.1
628 silly packumentCache full:https://registry.npmjs.org/yargs-parser cache-miss
629 silly fetch manifest get-caller-file@^2.0.5
630 silly packumentCache full:https://registry.npmjs.org/get-caller-file cache-miss
631 silly fetch manifest require-directory@^2.1.1
632 silly packumentCache full:https://registry.npmjs.org/require-directory cache-miss
633 http fetch GET 200 https://registry.npmjs.org/require-directory 58ms (cache miss)
634 silly packumentCache full:https://registry.npmjs.org/require-directory set size:undefined disposed:false
635 http fetch GET 200 https://registry.npmjs.org/cliui 64ms (cache miss)
636 silly packumentCache full:https://registry.npmjs.org/cliui set size:undefined disposed:false
637 http fetch GET 200 https://registry.npmjs.org/string-width 64ms (cache miss)
638 silly packumentCache full:https://registry.npmjs.org/string-width set size:undefined disposed:false
639 http fetch GET 200 https://registry.npmjs.org/y18n 66ms (cache miss)
640 silly packumentCache full:https://registry.npmjs.org/y18n set size:undefined disposed:false
641 http fetch GET 200 https://registry.npmjs.org/get-caller-file 65ms (cache miss)
642 silly packumentCache full:https://registry.npmjs.org/get-caller-file set size:undefined disposed:false
643 http fetch GET 200 https://registry.npmjs.org/escalade 68ms (cache miss)
644 silly packumentCache full:https://registry.npmjs.org/escalade set size:undefined disposed:false
645 http fetch GET 200 https://registry.npmjs.org/yargs-parser 68ms (cache miss)
646 silly packumentCache full:https://registry.npmjs.org/yargs-parser set size:undefined disposed:false
647 silly placeDep ROOT agent-base@7.1.4 OK for: https-proxy-agent@7.0.6 want: ^7.1.2
648 silly placeDep ROOT debug@4.4.3 OK for: https-proxy-agent@7.0.6 want: 4
649 silly fetch manifest ms@^2.1.3
650 silly packumentCache full:https://registry.npmjs.org/ms cache-miss
651 http fetch GET 200 https://registry.npmjs.org/ms 2ms (cache hit)
652 silly packumentCache full:https://registry.npmjs.org/ms set size:92208 disposed:false
653 silly placeDep ROOT ms@2.1.3 OK for: debug@4.4.3 want: ^2.1.3
654 silly placeDep ROOT bignumber.js@9.3.1 OK for: json-bigint@1.0.0 want: ^9.0.0
655 silly placeDep ROOT lodash.includes@4.3.0 OK for: jsonwebtoken@9.0.3 want: ^4.3.0
656 silly placeDep ROOT lodash.isboolean@3.0.3 OK for: jsonwebtoken@9.0.3 want: ^3.0.3
657 silly placeDep ROOT lodash.isinteger@4.0.4 OK for: jsonwebtoken@9.0.3 want: ^4.0.4
658 silly placeDep ROOT lodash.isnumber@3.0.3 OK for: jsonwebtoken@9.0.3 want: ^3.0.3
659 silly placeDep ROOT lodash.isplainobject@4.0.6 OK for: jsonwebtoken@9.0.3 want: ^4.0.6
660 silly placeDep ROOT lodash.isstring@4.0.1 OK for: jsonwebtoken@9.0.3 want: ^4.0.1
661 silly placeDep ROOT lodash.once@4.1.1 OK for: jsonwebtoken@9.0.3 want: ^4.0.0
662 silly placeDep ROOT semver@7.8.1 OK for: jsonwebtoken@9.0.3 want: ^7.5.4
663 silly placeDep ROOT @types/jsonwebtoken@9.0.10 OK for: jwks-rsa@3.2.2 want: ^9.0.4
664 silly placeDep ROOT jose@4.15.9 OK for: jwks-rsa@3.2.2 want: ^4.15.4
665 silly placeDep ROOT limiter@1.1.5 OK for: jwks-rsa@3.2.2 want: ^1.1.5
666 silly placeDep ROOT lru-memoizer@2.3.0 OK for: jwks-rsa@3.2.2 want: ^2.2.0
667 silly fetch manifest @types/ms@*
668 silly packumentCache full:https://registry.npmjs.org/@types%2fms cache-miss
669 silly fetch manifest @types/node@*
670 silly packumentCache full:https://registry.npmjs.org/@types%2fnode cache-miss
671 silly fetch manifest lru-cache@6.0.0
672 silly packumentCache full:https://registry.npmjs.org/lru-cache cache-miss
673 silly fetch manifest lodash.clonedeep@^4.5.0
674 silly packumentCache full:https://registry.npmjs.org/lodash.clonedeep cache-miss
675 http fetch GET 200 https://registry.npmjs.org/@types%2fnode 13ms (cache hit)
676 silly packumentCache full:https://registry.npmjs.org/@types%2fnode set size:11015753 disposed:false
677 http fetch GET 200 https://registry.npmjs.org/@types%2fms 106ms (cache miss)
678 silly packumentCache full:https://registry.npmjs.org/@types%2fms set size:undefined disposed:false
679 http fetch GET 200 https://registry.npmjs.org/lodash.clonedeep 106ms (cache miss)
680 silly packumentCache full:https://registry.npmjs.org/lodash.clonedeep set size:undefined disposed:false
681 http fetch GET 200 https://registry.npmjs.org/lru-cache 112ms (cache miss)
682 silly packumentCache full:https://registry.npmjs.org/lru-cache set size:undefined disposed:false
683 silly placeDep ROOT @types/ms@2.1.0 OK for: @types/jsonwebtoken@9.0.10 want: *
684 silly placeDep ROOT @types/node@25.9.1 OK for: @types/jsonwebtoken@9.0.10 want: *
685 silly fetch manifest undici-types@>=7.24.0 <7.24.7
686 silly packumentCache full:https://registry.npmjs.org/undici-types cache-miss
687 http fetch GET 200 https://registry.npmjs.org/undici-types 127ms (cache miss)
688 silly packumentCache full:https://registry.npmjs.org/undici-types set size:undefined disposed:false
689 silly placeDep ROOT undici-types@7.24.6 OK for: @types/node@25.9.1 want: >=7.24.0 <7.24.7
690 silly placeDep ROOT jwa@2.0.1 OK for: jws@4.0.1 want: ^2.0.1
691 silly fetch manifest buffer-equal-constant-time@^1.0.1
692 silly packumentCache full:https://registry.npmjs.org/buffer-equal-constant-time cache-miss
693 http fetch GET 200 https://registry.npmjs.org/buffer-equal-constant-time 49ms (cache miss)
694 silly packumentCache full:https://registry.npmjs.org/buffer-equal-constant-time set size:undefined disposed:false
695 silly placeDep ROOT buffer-equal-constant-time@1.0.1 OK for: jwa@2.0.1 want: ^1.0.1
696 silly placeDep ROOT lodash.clonedeep@4.5.0 OK for: lru-memoizer@2.3.0 want: ^4.5.0
697 silly placeDep ROOT lru-cache@6.0.0 OK for: lru-memoizer@2.3.0 want: 6.0.0
698 silly fetch manifest yallist@^4.0.0
699 silly packumentCache full:https://registry.npmjs.org/yallist cache-miss
700 http fetch GET 200 https://registry.npmjs.org/yallist 61ms (cache miss)
701 silly packumentCache full:https://registry.npmjs.org/yallist set size:undefined disposed:false
702 silly placeDep ROOT yallist@4.0.0 OK for: lru-cache@6.0.0 want: ^4.0.0
703 silly placeDep ROOT whatwg-url@5.0.0 OK for: node-fetch@2.7.0 want: ^5.0.0
704 silly fetch manifest tr46@~0.0.3
705 silly packumentCache full:https://registry.npmjs.org/tr46 cache-miss
706 silly fetch manifest webidl-conversions@^3.0.0
707 silly packumentCache full:https://registry.npmjs.org/webidl-conversions cache-miss
708 http fetch GET 200 https://registry.npmjs.org/webidl-conversions 52ms (cache miss)
709 silly packumentCache full:https://registry.npmjs.org/webidl-conversions set size:undefined disposed:false
710 http fetch GET 200 https://registry.npmjs.org/tr46 57ms (cache miss)
711 silly packumentCache full:https://registry.npmjs.org/tr46 set size:undefined disposed:false
712 silly placeDep ROOT wrappy@1.0.2 OK for: once@1.4.0 want: 1
713 silly placeDep ROOT yocto-queue@0.1.0 OK for: p-limit@3.1.0 want: ^0.1.0
714 silly placeDep ROOT @protobufjs/aspromise@1.1.2 OK for: protobufjs@7.6.1 want: ^1.1.2
715 silly placeDep ROOT @protobufjs/base64@1.1.2 OK for: protobufjs@7.6.1 want: ^1.1.2
716 silly placeDep ROOT @protobufjs/codegen@2.0.5 OK for: protobufjs@7.6.1 want: ^2.0.5
717 silly placeDep ROOT @protobufjs/eventemitter@1.1.1 OK for: protobufjs@7.6.1 want: ^1.1.1
718 silly placeDep ROOT @protobufjs/fetch@1.1.1 OK for: protobufjs@7.6.1 want: ^1.1.1
719 silly placeDep ROOT @protobufjs/float@1.0.2 OK for: protobufjs@7.6.1 want: ^1.0.2
720 silly placeDep ROOT @protobufjs/inquire@1.1.2 OK for: protobufjs@7.6.1 want: ^1.1.2
721 silly placeDep ROOT @protobufjs/path@1.1.2 OK for: protobufjs@7.6.1 want: ^1.1.2
722 silly placeDep ROOT @protobufjs/pool@1.1.0 OK for: protobufjs@7.6.1 want: ^1.1.0
723 silly placeDep ROOT @protobufjs/utf8@1.1.1 OK for: protobufjs@7.6.1 want: ^1.1.1
724 silly placeDep ROOT string_decoder@1.3.0 OK for: readable-stream@3.6.2 want: ^1.1.1
725 silly placeDep ROOT util-deprecate@1.0.2 OK for: readable-stream@3.6.2 want: ^1.0.1
726 silly placeDep ROOT @types/request@2.48.13 OK for: retry-request@7.0.2 want: ^2.48.8
727 silly fetch manifest form-data@^2.5.5
728 silly packumentCache full:https://registry.npmjs.org/form-data cache-miss
729 silly fetch manifest @types/caseless@*
730 silly packumentCache full:https://registry.npmjs.org/@types%2fcaseless cache-miss
731 silly fetch manifest @types/tough-cookie@*
732 silly packumentCache full:https://registry.npmjs.org/@types%2ftough-cookie cache-miss
733 http fetch GET 200 https://registry.npmjs.org/form-data 54ms (cache miss)
734 silly packumentCache full:https://registry.npmjs.org/form-data set size:undefined disposed:false
735 http fetch GET 200 https://registry.npmjs.org/@types%2fcaseless 63ms (cache miss)
736 silly packumentCache full:https://registry.npmjs.org/@types%2fcaseless set size:undefined disposed:false
737 http fetch GET 200 https://registry.npmjs.org/@types%2ftough-cookie 64ms (cache miss)
738 silly packumentCache full:https://registry.npmjs.org/@types%2ftough-cookie set size:undefined disposed:false
739 silly placeDep ROOT @types/caseless@0.12.5 OK for: @types/request@2.48.13 want: *
740 silly placeDep ROOT @types/tough-cookie@4.0.5 OK for: @types/request@2.48.13 want: *
741 silly placeDep ROOT form-data@2.5.5 OK for: @types/request@2.48.13 want: ^2.5.5
742 silly fetch manifest hasown@^2.0.2
743 silly packumentCache full:https://registry.npmjs.org/hasown cache-miss
744 silly fetch manifest asynckit@^0.4.0
745 silly packumentCache full:https://registry.npmjs.org/asynckit cache-miss
746 silly fetch manifest mime-types@^2.1.35
747 silly packumentCache full:https://registry.npmjs.org/mime-types cache-miss
748 silly fetch manifest combined-stream@^1.0.8
749 silly packumentCache full:https://registry.npmjs.org/combined-stream cache-miss
750 silly fetch manifest es-set-tostringtag@^2.1.0
751 silly packumentCache full:https://registry.npmjs.org/es-set-tostringtag cache-miss
752 http fetch GET 200 https://registry.npmjs.org/hasown 53ms (cache miss)
753 silly packumentCache full:https://registry.npmjs.org/hasown set size:undefined disposed:false
754 http fetch GET 200 https://registry.npmjs.org/combined-stream 53ms (cache miss)
755 silly packumentCache full:https://registry.npmjs.org/combined-stream set size:undefined disposed:false
756 http fetch GET 200 https://registry.npmjs.org/es-set-tostringtag 54ms (cache miss)
757 silly packumentCache full:https://registry.npmjs.org/es-set-tostringtag set size:undefined disposed:false
758 http fetch GET 200 https://registry.npmjs.org/asynckit 55ms (cache miss)
759 silly packumentCache full:https://registry.npmjs.org/asynckit set size:undefined disposed:false
760 http fetch GET 200 https://registry.npmjs.org/mime-types 64ms (cache miss)
761 silly packumentCache full:https://registry.npmjs.org/mime-types set size:undefined disposed:false
762 silly placeDep ROOT asynckit@0.4.0 OK for: form-data@2.5.5 want: ^0.4.0
763 silly placeDep ROOT combined-stream@1.0.8 OK for: form-data@2.5.5 want: ^1.0.8
764 silly placeDep ROOT es-set-tostringtag@2.1.0 OK for: form-data@2.5.5 want: ^2.1.0
765 silly placeDep ROOT hasown@2.0.4 OK for: form-data@2.5.5 want: ^2.0.2
766 silly placeDep ROOT mime-types@2.1.35 OK for: form-data@2.5.5 want: ^2.1.35
767 silly fetch manifest delayed-stream@~1.0.0
768 silly packumentCache full:https://registry.npmjs.org/delayed-stream cache-miss
769 silly fetch manifest es-errors@^1.3.0
770 silly packumentCache full:https://registry.npmjs.org/es-errors cache-miss
771 silly fetch manifest get-intrinsic@^1.2.6
772 silly packumentCache full:https://registry.npmjs.org/get-intrinsic cache-miss
773 silly fetch manifest has-tostringtag@^1.0.2
774 silly packumentCache full:https://registry.npmjs.org/has-tostringtag cache-miss
775 silly fetch manifest function-bind@^1.1.2
776 silly packumentCache full:https://registry.npmjs.org/function-bind cache-miss
777 silly fetch manifest mime-db@1.52.0
778 silly packumentCache full:https://registry.npmjs.org/mime-db cache-miss
779 http fetch GET 200 https://registry.npmjs.org/has-tostringtag 50ms (cache miss)
780 silly packumentCache full:https://registry.npmjs.org/has-tostringtag set size:undefined disposed:false
781 http fetch GET 200 https://registry.npmjs.org/es-errors 53ms (cache miss)
782 silly packumentCache full:https://registry.npmjs.org/es-errors set size:undefined disposed:false
783 http fetch GET 200 https://registry.npmjs.org/function-bind 57ms (cache miss)
784 silly packumentCache full:https://registry.npmjs.org/function-bind set size:undefined disposed:false
785 http fetch GET 200 https://registry.npmjs.org/delayed-stream 59ms (cache miss)
786 silly packumentCache full:https://registry.npmjs.org/delayed-stream set size:undefined disposed:false
787 http fetch GET 200 https://registry.npmjs.org/get-intrinsic 59ms (cache miss)
788 silly packumentCache full:https://registry.npmjs.org/get-intrinsic set size:undefined disposed:false
789 http fetch GET 200 https://registry.npmjs.org/mime-db 59ms (cache miss)
790 silly packumentCache full:https://registry.npmjs.org/mime-db set size:undefined disposed:false
791 silly placeDep ROOT delayed-stream@1.0.0 OK for: combined-stream@1.0.8 want: ~1.0.0
792 silly placeDep ROOT es-errors@1.3.0 OK for: es-set-tostringtag@2.1.0 want: ^1.3.0
793 silly placeDep ROOT get-intrinsic@1.3.0 OK for: es-set-tostringtag@2.1.0 want: ^1.2.6
794 silly placeDep ROOT has-tostringtag@1.0.2 OK for: es-set-tostringtag@2.1.0 want: ^1.0.2
795 silly fetch manifest gopd@^1.2.0
796 silly packumentCache full:https://registry.npmjs.org/gopd cache-miss
797 silly fetch manifest get-proto@^1.0.1
798 silly packumentCache full:https://registry.npmjs.org/get-proto cache-miss
799 silly fetch manifest has-symbols@^1.1.0
800 silly packumentCache full:https://registry.npmjs.org/has-symbols cache-miss
801 silly fetch manifest es-object-atoms@^1.1.1
802 silly packumentCache full:https://registry.npmjs.org/es-object-atoms cache-miss
803 silly fetch manifest math-intrinsics@^1.1.0
804 silly packumentCache full:https://registry.npmjs.org/math-intrinsics cache-miss
805 silly fetch manifest es-define-property@^1.0.1
806 silly packumentCache full:https://registry.npmjs.org/es-define-property cache-miss
807 silly fetch manifest call-bind-apply-helpers@^1.0.2
808 silly packumentCache full:https://registry.npmjs.org/call-bind-apply-helpers cache-miss
809 http fetch GET 200 https://registry.npmjs.org/has-symbols 144ms (cache miss)
810 silly packumentCache full:https://registry.npmjs.org/has-symbols set size:undefined disposed:false
811 silly fetch manifest has-symbols@^1.0.3
812 silly packumentCache full:https://registry.npmjs.org/has-symbols cache-miss
813 http fetch GET 200 https://registry.npmjs.org/call-bind-apply-helpers 144ms (cache miss)
814 silly packumentCache full:https://registry.npmjs.org/call-bind-apply-helpers set size:undefined disposed:false
815 http fetch GET 200 https://registry.npmjs.org/gopd 146ms (cache miss)
816 silly packumentCache full:https://registry.npmjs.org/gopd set size:undefined disposed:false
817 http fetch GET 200 https://registry.npmjs.org/math-intrinsics 145ms (cache miss)
818 silly packumentCache full:https://registry.npmjs.org/math-intrinsics set size:undefined disposed:false
819 http fetch GET 200 https://registry.npmjs.org/es-define-property 146ms (cache miss)
820 silly packumentCache full:https://registry.npmjs.org/es-define-property set size:undefined disposed:false
821 http fetch GET 200 https://registry.npmjs.org/get-proto 148ms (cache miss)
822 silly packumentCache full:https://registry.npmjs.org/get-proto set size:undefined disposed:false
823 http fetch GET 200 https://registry.npmjs.org/es-object-atoms 148ms (cache miss)
824 silly packumentCache full:https://registry.npmjs.org/es-object-atoms set size:undefined disposed:false
825 http fetch GET 200 https://registry.npmjs.org/has-symbols 5ms (cache hit)
826 silly packumentCache full:https://registry.npmjs.org/has-symbols set size:21550 disposed:false
827 silly placeDep ROOT call-bind-apply-helpers@1.0.2 OK for: get-intrinsic@1.3.0 want: ^1.0.2
828 silly placeDep ROOT es-define-property@1.0.1 OK for: get-intrinsic@1.3.0 want: ^1.0.1
829 silly placeDep ROOT es-object-atoms@1.1.2 OK for: get-intrinsic@1.3.0 want: ^1.1.1
830 silly placeDep ROOT function-bind@1.1.2 OK for: get-intrinsic@1.3.0 want: ^1.1.2
831 silly placeDep ROOT get-proto@1.0.1 OK for: get-intrinsic@1.3.0 want: ^1.0.1
832 silly placeDep ROOT gopd@1.2.0 OK for: get-intrinsic@1.3.0 want: ^1.2.0
833 silly placeDep ROOT has-symbols@1.1.0 OK for: get-intrinsic@1.3.0 want: ^1.1.0
834 silly placeDep ROOT math-intrinsics@1.1.0 OK for: get-intrinsic@1.3.0 want: ^1.1.0
835 silly fetch manifest dunder-proto@^1.0.1
836 silly packumentCache full:https://registry.npmjs.org/dunder-proto cache-miss
837 http fetch GET 200 https://registry.npmjs.org/dunder-proto 52ms (cache miss)
838 silly packumentCache full:https://registry.npmjs.org/dunder-proto set size:undefined disposed:false
839 silly placeDep ROOT dunder-proto@1.0.1 OK for: get-proto@1.0.1 want: ^1.0.1
840 silly placeDep ROOT mime-db@1.52.0 OK for: mime-types@2.1.35 want: 1.52.0
841 silly placeDep ROOT http-proxy-agent@5.0.0 OK for: teeny-request@9.0.0 want: ^5.0.0
842 silly placeDep node_modules/teeny-request https-proxy-agent@5.0.1 OK for: teeny-request@9.0.0 want: ^5.0.0
843 silly placeDep ROOT stream-events@1.0.5 OK for: teeny-request@9.0.0 want: ^1.0.5
844 silly placeDep node_modules/teeny-request uuid@9.0.1 OK for: teeny-request@9.0.0 want: ^9.0.0
845 silly fetch manifest agent-base@6
846 silly packumentCache full:https://registry.npmjs.org/agent-base cache-miss
847 silly fetch manifest @tootallnate/once@2
848 silly packumentCache full:https://registry.npmjs.org/@tootallnate%2fonce cache-miss
849 silly fetch manifest agent-base@6
850 silly packumentCache full:https://registry.npmjs.org/agent-base cache-miss
851 silly fetch manifest stubs@^3.0.0
852 silly packumentCache full:https://registry.npmjs.org/stubs cache-miss
853 http fetch GET 200 https://registry.npmjs.org/agent-base 6ms (cache hit)
854 silly packumentCache full:https://registry.npmjs.org/agent-base set size:72085 disposed:false
855 http fetch GET 200 https://registry.npmjs.org/agent-base 6ms (cache hit)
856 silly packumentCache full:https://registry.npmjs.org/agent-base set size:72085 disposed:false
857 silly packumentCache full:https://registry.npmjs.org/agent-base dispose
858 http fetch GET 200 https://registry.npmjs.org/stubs 53ms (cache miss)
859 silly packumentCache full:https://registry.npmjs.org/stubs set size:undefined disposed:false
860 http fetch GET 200 https://registry.npmjs.org/@tootallnate%2fonce 67ms (cache miss)
861 silly packumentCache full:https://registry.npmjs.org/@tootallnate%2fonce set size:undefined disposed:false
862 silly placeDep ROOT @tootallnate/once@2.0.1 OK for: http-proxy-agent@5.0.0 want: 2
863 silly placeDep node_modules/http-proxy-agent agent-base@6.0.2 OK for: http-proxy-agent@5.0.0 want: 6
864 silly placeDep ROOT stubs@3.0.0 OK for: stream-events@1.0.5 want: ^3.0.0
865 silly placeDep ROOT http-parser-js@0.5.10 OK for: websocket-driver@0.7.4 want: >=0.5.1
866 silly placeDep ROOT websocket-extensions@0.1.4 OK for: websocket-driver@0.7.4 want: >=0.1.1
867 silly placeDep ROOT tr46@0.0.3 OK for: whatwg-url@5.0.0 want: ~0.0.3
868 silly placeDep ROOT webidl-conversions@3.0.1 OK for: whatwg-url@5.0.0 want: ^3.0.0
869 silly placeDep ROOT cliui@8.0.1 OK for: yargs@17.7.2 want: ^8.0.1
870 silly placeDep ROOT escalade@3.2.0 OK for: yargs@17.7.2 want: ^3.1.1
871 silly placeDep ROOT get-caller-file@2.0.5 OK for: yargs@17.7.2 want: ^2.0.5
872 silly placeDep ROOT require-directory@2.1.1 OK for: yargs@17.7.2 want: ^2.1.1
873 silly placeDep ROOT string-width@4.2.3 OK for: yargs@17.7.2 want: ^4.2.3
874 silly placeDep ROOT y18n@5.0.8 OK for: yargs@17.7.2 want: ^5.0.5
875 silly placeDep ROOT yargs-parser@21.1.1 OK for: yargs@17.7.2 want: ^21.1.1
876 silly fetch manifest wrap-ansi@^7.0.0
877 silly packumentCache full:https://registry.npmjs.org/wrap-ansi cache-miss
878 silly fetch manifest strip-ansi@^6.0.1
879 silly packumentCache full:https://registry.npmjs.org/strip-ansi cache-miss
880 silly fetch manifest string-width@^4.2.0
881 silly packumentCache full:https://registry.npmjs.org/string-width cache-miss
882 silly fetch manifest strip-ansi@^6.0.1
883 silly packumentCache full:https://registry.npmjs.org/strip-ansi cache-miss
884 silly fetch manifest emoji-regex@^8.0.0
885 silly packumentCache full:https://registry.npmjs.org/emoji-regex cache-miss
886 silly fetch manifest is-fullwidth-code-point@^3.0.0
887 silly packumentCache full:https://registry.npmjs.org/is-fullwidth-code-point cache-miss
888 http fetch GET 200 https://registry.npmjs.org/string-width 4ms (cache hit)
889 silly packumentCache full:https://registry.npmjs.org/string-width set size:70381 disposed:false
890 http fetch GET 200 https://registry.npmjs.org/is-fullwidth-code-point 51ms (cache miss)
891 silly packumentCache full:https://registry.npmjs.org/is-fullwidth-code-point set size:undefined disposed:false
892 http fetch GET 200 https://registry.npmjs.org/strip-ansi 53ms (cache miss)
893 silly packumentCache full:https://registry.npmjs.org/strip-ansi set size:undefined disposed:false
894 http fetch GET 200 https://registry.npmjs.org/strip-ansi 52ms (cache miss)
895 silly packumentCache full:https://registry.npmjs.org/strip-ansi set size:undefined disposed:false
896 http fetch GET 200 https://registry.npmjs.org/wrap-ansi 54ms (cache miss)
897 silly packumentCache full:https://registry.npmjs.org/wrap-ansi set size:undefined disposed:false
898 http fetch GET 200 https://registry.npmjs.org/emoji-regex 64ms (cache miss)
899 silly packumentCache full:https://registry.npmjs.org/emoji-regex set size:undefined disposed:false
900 silly placeDep ROOT strip-ansi@6.0.1 OK for: cliui@8.0.1 want: ^6.0.1
901 silly placeDep ROOT wrap-ansi@7.0.0 OK for: cliui@8.0.1 want: ^7.0.0
902 silly fetch manifest ansi-regex@^5.0.1
903 silly packumentCache full:https://registry.npmjs.org/ansi-regex cache-miss
904 silly fetch manifest ansi-styles@^4.0.0
905 silly packumentCache full:https://registry.npmjs.org/ansi-styles cache-miss
906 http fetch GET 200 https://registry.npmjs.org/ansi-regex 59ms (cache miss)
907 silly packumentCache full:https://registry.npmjs.org/ansi-regex set size:undefined disposed:false
908 http fetch GET 200 https://registry.npmjs.org/ansi-styles 60ms (cache miss)
909 silly packumentCache full:https://registry.npmjs.org/ansi-styles set size:undefined disposed:false
910 silly placeDep ROOT emoji-regex@8.0.0 OK for: string-width@4.2.3 want: ^8.0.0
911 silly placeDep ROOT is-fullwidth-code-point@3.0.0 OK for: string-width@4.2.3 want: ^3.0.0
912 silly placeDep ROOT ansi-regex@5.0.1 OK for: strip-ansi@6.0.1 want: ^5.0.1
913 silly placeDep ROOT ansi-styles@4.3.0 OK for: wrap-ansi@7.0.0 want: ^4.0.0
914 silly fetch manifest color-convert@^2.0.1
915 silly packumentCache full:https://registry.npmjs.org/color-convert cache-miss
916 http fetch GET 200 https://registry.npmjs.org/color-convert 66ms (cache miss)
917 silly packumentCache full:https://registry.npmjs.org/color-convert set size:undefined disposed:false
918 silly placeDep ROOT color-convert@2.0.1 OK for: ansi-styles@4.3.0 want: ^2.0.1
919 silly fetch manifest color-name@~1.1.4
920 silly packumentCache full:https://registry.npmjs.org/color-name cache-miss
921 http fetch GET 200 https://registry.npmjs.org/color-name 136ms (cache miss)
922 silly packumentCache full:https://registry.npmjs.org/color-name set size:undefined disposed:false
923 silly placeDep ROOT color-name@1.1.4 OK for: color-convert@2.0.1 want: ~1.1.4
924 silly placeDep node_modules/@google-cloud/storage gcp-metadata@6.1.1 OK for: google-auth-library@9.15.1 want: ^6.1.0
925 silly placeDep ROOT gtoken@7.1.0 OK for: google-auth-library@9.15.1 want: ^7.0.0
926 silly fetch manifest google-logging-utils@^0.0.2
927 silly packumentCache full:https://registry.npmjs.org/google-logging-utils cache-hit
928 silly placeDep node_modules/@google-cloud/storage google-logging-utils@0.0.2 OK for: gcp-metadata@6.1.1 want: ^0.0.2
929 silly placeDep node_modules/gcp-metadata node-fetch@3.3.2 OK for: gaxios@7.1.4 want: ^3.3.2
930 silly fetch manifest data-uri-to-buffer@^4.0.0
931 silly packumentCache full:https://registry.npmjs.org/data-uri-to-buffer cache-miss
932 silly fetch manifest fetch-blob@^3.1.4
933 silly packumentCache full:https://registry.npmjs.org/fetch-blob cache-miss
934 silly fetch manifest formdata-polyfill@^4.0.10
935 silly packumentCache full:https://registry.npmjs.org/formdata-polyfill cache-miss
936 http fetch GET 200 https://registry.npmjs.org/fetch-blob 54ms (cache miss)
937 silly packumentCache full:https://registry.npmjs.org/fetch-blob set size:undefined disposed:false
938 http fetch GET 200 https://registry.npmjs.org/data-uri-to-buffer 56ms (cache miss)
939 silly packumentCache full:https://registry.npmjs.org/data-uri-to-buffer set size:undefined disposed:false
940 http fetch GET 200 https://registry.npmjs.org/formdata-polyfill 60ms (cache miss)
941 silly packumentCache full:https://registry.npmjs.org/formdata-polyfill set size:undefined disposed:false
942 silly placeDep ROOT data-uri-to-buffer@4.0.1 OK for: node-fetch@3.3.2 want: ^4.0.0
943 silly placeDep ROOT fetch-blob@3.2.0 OK for: node-fetch@3.3.2 want: ^3.1.4
944 silly placeDep ROOT formdata-polyfill@4.0.10 OK for: node-fetch@3.3.2 want: ^4.0.10
945 silly fetch manifest node-domexception@^1.0.0
946 silly packumentCache full:https://registry.npmjs.org/node-domexception cache-miss
947 silly fetch manifest web-streams-polyfill@^3.0.3
948 silly packumentCache full:https://registry.npmjs.org/web-streams-polyfill cache-miss
949 http fetch GET 200 https://registry.npmjs.org/node-domexception 57ms (cache miss)
950 silly packumentCache full:https://registry.npmjs.org/node-domexception set size:undefined disposed:false
951 http fetch GET 200 https://registry.npmjs.org/web-streams-polyfill 58ms (cache miss)
952 silly packumentCache full:https://registry.npmjs.org/web-streams-polyfill set size:undefined disposed:false
953 silly placeDep ROOT node-domexception@1.0.0 OK for: fetch-blob@3.2.0 want: ^1.0.0
954 silly placeDep ROOT web-streams-polyfill@3.3.3 OK for: fetch-blob@3.2.0 want: ^3.0.3
955 silly placeDep node_modules/google-auth-library node-fetch@3.3.2 OK for: gaxios@7.1.4 want: ^3.3.2
956 silly placeDep node_modules/google-gax gcp-metadata@6.1.1 OK for: google-auth-library@9.15.1 want: ^6.1.0
957 silly placeDep node_modules/google-gax google-logging-utils@0.0.2 OK for: gcp-metadata@6.1.1 want: ^0.0.2
958 silly placeDep node_modules/teeny-request agent-base@6.0.2 OK for: https-proxy-agent@5.0.1 want: 6
959 silly reify moves {}
960 silly tarball no local data for web-streams-polyfill@https://registry.npmjs.org/web-streams-polyfill/-/web-streams-polyfill-3.3.3.tgz. Extracting by manifest.
961 silly tarball no local data for formdata-polyfill@https://registry.npmjs.org/formdata-polyfill/-/formdata-polyfill-4.0.10.tgz. Extracting by manifest.
962 silly tarball no local data for fetch-blob@https://registry.npmjs.org/fetch-blob/-/fetch-blob-3.2.0.tgz. Extracting by manifest.
963 silly tarball no local data for gtoken@https://registry.npmjs.org/gtoken/-/gtoken-7.1.0.tgz. Extracting by manifest.
964 silly tarball no local data for color-name@https://registry.npmjs.org/color-name/-/color-name-1.1.4.tgz. Extracting by manifest.
965 silly tarball no local data for data-uri-to-buffer@https://registry.npmjs.org/data-uri-to-buffer/-/data-uri-to-buffer-4.0.1.tgz. Extracting by manifest.
966 silly tarball no local data for color-convert@https://registry.npmjs.org/color-convert/-/color-convert-2.0.1.tgz. Extracting by manifest.
967 silly tarball no local data for node-domexception@https://registry.npmjs.org/node-domexception/-/node-domexception-1.0.0.tgz. Extracting by manifest.
968 silly tarball no local data for ansi-styles@https://registry.npmjs.org/ansi-styles/-/ansi-styles-4.3.0.tgz. Extracting by manifest.
969 silly tarball no local data for is-fullwidth-code-point@https://registry.npmjs.org/is-fullwidth-code-point/-/is-fullwidth-code-point-3.0.0.tgz. Extracting by manifest.
970 silly tarball no local data for emoji-regex@https://registry.npmjs.org/emoji-regex/-/emoji-regex-8.0.0.tgz. Extracting by manifest.
971 silly tarball no local data for yargs-parser@https://registry.npmjs.org/yargs-parser/-/yargs-parser-21.1.1.tgz. Extracting by manifest.
972 silly tarball no local data for y18n@https://registry.npmjs.org/y18n/-/y18n-5.0.8.tgz. Extracting by manifest.
973 silly tarball no local data for string-width@https://registry.npmjs.org/string-width/-/string-width-4.2.3.tgz. Extracting by manifest.
974 silly tarball no local data for strip-ansi@https://registry.npmjs.org/strip-ansi/-/strip-ansi-6.0.1.tgz. Extracting by manifest.
975 silly tarball no local data for wrap-ansi@https://registry.npmjs.org/wrap-ansi/-/wrap-ansi-7.0.0.tgz. Extracting by manifest.
976 silly tarball no local data for require-directory@https://registry.npmjs.org/require-directory/-/require-directory-2.1.1.tgz. Extracting by manifest.
977 silly tarball no local data for tr46@https://registry.npmjs.org/tr46/-/tr46-0.0.3.tgz. Extracting by manifest.
978 silly tarball no local data for cliui@https://registry.npmjs.org/cliui/-/cliui-8.0.1.tgz. Extracting by manifest.
979 silly tarball no local data for ansi-regex@https://registry.npmjs.org/ansi-regex/-/ansi-regex-5.0.1.tgz. Extracting by manifest.
980 silly tarball no local data for webidl-conversions@https://registry.npmjs.org/webidl-conversions/-/webidl-conversions-3.0.1.tgz. Extracting by manifest.
981 silly tarball no local data for get-caller-file@https://registry.npmjs.org/get-caller-file/-/get-caller-file-2.0.5.tgz. Extracting by manifest.
982 silly tarball no local data for websocket-extensions@https://registry.npmjs.org/websocket-extensions/-/websocket-extensions-0.1.4.tgz. Extracting by manifest.
983 silly tarball no local data for http-parser-js@https://registry.npmjs.org/http-parser-js/-/http-parser-js-0.5.10.tgz. Extracting by manifest.
984 silly tarball no local data for @tootallnate/once@https://registry.npmjs.org/@tootallnate/once/-/once-2.0.1.tgz. Extracting by manifest.
985 silly tarball no local data for escalade@https://registry.npmjs.org/escalade/-/escalade-3.2.0.tgz. Extracting by manifest.
986 silly tarball no local data for stubs@https://registry.npmjs.org/stubs/-/stubs-3.0.0.tgz. Extracting by manifest.
987 silly tarball no local data for mime-db@https://registry.npmjs.org/mime-db/-/mime-db-1.52.0.tgz. Extracting by manifest.
988 silly tarball no local data for math-intrinsics@https://registry.npmjs.org/math-intrinsics/-/math-intrinsics-1.1.0.tgz. Extracting by manifest.
989 silly tarball no local data for http-proxy-agent@https://registry.npmjs.org/http-proxy-agent/-/http-proxy-agent-5.0.0.tgz. Extracting by manifest.
990 silly tarball no local data for dunder-proto@https://registry.npmjs.org/dunder-proto/-/dunder-proto-1.0.1.tgz. Extracting by manifest.
991 silly tarball no local data for stream-events@https://registry.npmjs.org/stream-events/-/stream-events-1.0.5.tgz. Extracting by manifest.
992 silly tarball no local data for function-bind@https://registry.npmjs.org/function-bind/-/function-bind-1.1.2.tgz. Extracting by manifest.
993 silly tarball no local data for gopd@https://registry.npmjs.org/gopd/-/gopd-1.2.0.tgz. Extracting by manifest.
994 silly tarball no local data for has-symbols@https://registry.npmjs.org/has-symbols/-/has-symbols-1.1.0.tgz. Extracting by manifest.
995 silly tarball no local data for get-proto@https://registry.npmjs.org/get-proto/-/get-proto-1.0.1.tgz. Extracting by manifest.
996 silly tarball no local data for es-object-atoms@https://registry.npmjs.org/es-object-atoms/-/es-object-atoms-1.1.2.tgz. Extracting by manifest.
997 silly tarball no local data for call-bind-apply-helpers@https://registry.npmjs.org/call-bind-apply-helpers/-/call-bind-apply-helpers-1.0.2.tgz. Extracting by manifest.
998 silly tarball no local data for es-errors@https://registry.npmjs.org/es-errors/-/es-errors-1.3.0.tgz. Extracting by manifest.
999 silly tarball no local data for has-tostringtag@https://registry.npmjs.org/has-tostringtag/-/has-tostringtag-1.0.2.tgz. Extracting by manifest.
1000 silly tarball no local data for delayed-stream@https://registry.npmjs.org/delayed-stream/-/delayed-stream-1.0.0.tgz. Extracting by manifest.
1001 silly tarball no local data for es-define-property@https://registry.npmjs.org/es-define-property/-/es-define-property-1.0.1.tgz. Extracting by manifest.
1002 silly tarball no local data for hasown@https://registry.npmjs.org/hasown/-/hasown-2.0.4.tgz. Extracting by manifest.
1003 silly tarball no local data for es-set-tostringtag@https://registry.npmjs.org/es-set-tostringtag/-/es-set-tostringtag-2.1.0.tgz. Extracting by manifest.
1004 silly tarball no local data for combined-stream@https://registry.npmjs.org/combined-stream/-/combined-stream-1.0.8.tgz. Extracting by manifest.
1005 silly tarball no local data for form-data@https://registry.npmjs.org/form-data/-/form-data-2.5.5.tgz. Extracting by manifest.
1006 silly tarball no local data for @types/tough-cookie@https://registry.npmjs.org/@types/tough-cookie/-/tough-cookie-4.0.5.tgz. Extracting by manifest.
1007 silly tarball no local data for asynckit@https://registry.npmjs.org/asynckit/-/asynckit-0.4.0.tgz. Extracting by manifest.
1008 silly tarball no local data for @types/caseless@https://registry.npmjs.org/@types/caseless/-/caseless-0.12.5.tgz. Extracting by manifest.
1009 silly tarball no local data for mime-types@https://registry.npmjs.org/mime-types/-/mime-types-2.1.35.tgz. Extracting by manifest.
1010 silly tarball no local data for get-intrinsic@https://registry.npmjs.org/get-intrinsic/-/get-intrinsic-1.3.0.tgz. Extracting by manifest.
1011 silly tarball no local data for util-deprecate@https://registry.npmjs.org/util-deprecate/-/util-deprecate-1.0.2.tgz. Extracting by manifest.
1012 silly tarball no local data for @types/request@https://registry.npmjs.org/@types/request/-/request-2.48.13.tgz. Extracting by manifest.
1013 silly tarball no local data for string_decoder@https://registry.npmjs.org/string_decoder/-/string_decoder-1.3.0.tgz. Extracting by manifest.
1014 silly tarball no local data for @protobufjs/inquire@https://registry.npmjs.org/@protobufjs/inquire/-/inquire-1.1.2.tgz. Extracting by manifest.
1015 silly tarball no local data for @protobufjs/float@https://registry.npmjs.org/@protobufjs/float/-/float-1.0.2.tgz. Extracting by manifest.
1016 silly tarball no local data for @protobufjs/fetch@https://registry.npmjs.org/@protobufjs/fetch/-/fetch-1.1.1.tgz. Extracting by manifest.
1017 silly tarball no local data for @protobufjs/base64@https://registry.npmjs.org/@protobufjs/base64/-/base64-1.1.2.tgz. Extracting by manifest.
1018 silly tarball no local data for @protobufjs/eventemitter@https://registry.npmjs.org/@protobufjs/eventemitter/-/eventemitter-1.1.1.tgz. Extracting by manifest.
1019 silly tarball no local data for @protobufjs/codegen@https://registry.npmjs.org/@protobufjs/codegen/-/codegen-2.0.5.tgz. Extracting by manifest.
1020 silly tarball no local data for @protobufjs/aspromise@https://registry.npmjs.org/@protobufjs/aspromise/-/aspromise-1.1.2.tgz. Extracting by manifest.
1021 silly tarball no local data for @protobufjs/utf8@https://registry.npmjs.org/@protobufjs/utf8/-/utf8-1.1.1.tgz. Extracting by manifest.
1022 silly tarball no local data for yocto-queue@https://registry.npmjs.org/yocto-queue/-/yocto-queue-0.1.0.tgz. Extracting by manifest.
1023 silly tarball no local data for wrappy@https://registry.npmjs.org/wrappy/-/wrappy-1.0.2.tgz. Extracting by manifest.
1024 silly tarball no local data for whatwg-url@https://registry.npmjs.org/whatwg-url/-/whatwg-url-5.0.0.tgz. Extracting by manifest.
1025 silly tarball no local data for lru-cache@https://registry.npmjs.org/lru-cache/-/lru-cache-6.0.0.tgz. Extracting by manifest.
1026 silly tarball no local data for @protobufjs/path@https://registry.npmjs.org/@protobufjs/path/-/path-1.1.2.tgz. Extracting by manifest.
1027 silly tarball no local data for lodash.clonedeep@https://registry.npmjs.org/lodash.clonedeep/-/lodash.clonedeep-4.5.0.tgz. Extracting by manifest.
1028 silly tarball no local data for yallist@https://registry.npmjs.org/yallist/-/yallist-4.0.0.tgz. Extracting by manifest.
1029 silly tarball no local data for undici-types@https://registry.npmjs.org/undici-types/-/undici-types-7.24.6.tgz. Extracting by manifest.
1030 silly tarball no local data for @types/node@https://registry.npmjs.org/@types/node/-/node-25.9.1.tgz. Extracting by manifest.
1031 silly tarball no local data for @types/ms@https://registry.npmjs.org/@types/ms/-/ms-2.1.0.tgz. Extracting by manifest.
1032 silly tarball no local data for jwa@https://registry.npmjs.org/jwa/-/jwa-2.0.1.tgz. Extracting by manifest.
1033 silly tarball no local data for limiter@https://registry.npmjs.org/limiter/-/limiter-1.1.5.tgz. Extracting by manifest.
1034 silly tarball no local data for buffer-equal-constant-time@https://registry.npmjs.org/buffer-equal-constant-time/-/buffer-equal-constant-time-1.0.1.tgz. Extracting by manifest.
1035 silly tarball no local data for @protobufjs/pool@https://registry.npmjs.org/@protobufjs/pool/-/pool-1.1.0.tgz. Extracting by manifest.
1036 silly tarball no local data for lru-memoizer@https://registry.npmjs.org/lru-memoizer/-/lru-memoizer-2.3.0.tgz. Extracting by manifest.
1037 silly tarball no local data for @types/jsonwebtoken@https://registry.npmjs.org/@types/jsonwebtoken/-/jsonwebtoken-9.0.10.tgz. Extracting by manifest.
1038 silly tarball no local data for semver@https://registry.npmjs.org/semver/-/semver-7.8.1.tgz. Extracting by manifest.
1039 silly tarball no local data for lodash.isstring@https://registry.npmjs.org/lodash.isstring/-/lodash.isstring-4.0.1.tgz. Extracting by manifest.
1040 silly tarball no local data for lodash.isinteger@https://registry.npmjs.org/lodash.isinteger/-/lodash.isinteger-4.0.4.tgz. Extracting by manifest.
1041 silly tarball no local data for lodash.isplainobject@https://registry.npmjs.org/lodash.isplainobject/-/lodash.isplainobject-4.0.6.tgz. Extracting by manifest.
1042 silly tarball no local data for jose@https://registry.npmjs.org/jose/-/jose-4.15.9.tgz. Extracting by manifest.
1043 silly tarball no local data for lodash.includes@https://registry.npmjs.org/lodash.includes/-/lodash.includes-4.3.0.tgz. Extracting by manifest.
1044 silly tarball no local data for lodash.isboolean@https://registry.npmjs.org/lodash.isboolean/-/lodash.isboolean-3.0.3.tgz. Extracting by manifest.
1045 silly tarball no local data for bignumber.js@https://registry.npmjs.org/bignumber.js/-/bignumber.js-9.3.1.tgz. Extracting by manifest.
1046 silly tarball no local data for lodash.once@https://registry.npmjs.org/lodash.once/-/lodash.once-4.1.1.tgz. Extracting by manifest.
1047 silly tarball no local data for lodash.isnumber@https://registry.npmjs.org/lodash.isnumber/-/lodash.isnumber-3.0.3.tgz. Extracting by manifest.
1048 silly tarball no local data for agent-base@https://registry.npmjs.org/agent-base/-/agent-base-7.1.4.tgz. Extracting by manifest.
1049 silly tarball no local data for ms@https://registry.npmjs.org/ms/-/ms-2.1.3.tgz. Extracting by manifest.
1050 silly tarball no local data for lodash.camelcase@https://registry.npmjs.org/lodash.camelcase/-/lodash.camelcase-4.3.0.tgz. Extracting by manifest.
1051 silly tarball no local data for long@https://registry.npmjs.org/long/-/long-5.3.2.tgz. Extracting by manifest.
1052 silly tarball no local data for yargs@https://registry.npmjs.org/yargs/-/yargs-17.7.2.tgz. Extracting by manifest.
1053 silly tarball no local data for debug@https://registry.npmjs.org/debug/-/debug-4.4.3.tgz. Extracting by manifest.
1054 silly tarball no local data for proto3-json-serializer@https://registry.npmjs.org/proto3-json-serializer/-/proto3-json-serializer-2.0.2.tgz. Extracting by manifest.
1055 silly tarball no local data for @types/long@https://registry.npmjs.org/@types/long/-/long-4.0.2.tgz. Extracting by manifest.
1056 silly tarball no local data for json-bigint@https://registry.npmjs.org/json-bigint/-/json-bigint-1.0.0.tgz. Extracting by manifest.
1057 silly tarball no local data for @grpc/proto-loader@https://registry.npmjs.org/@grpc/proto-loader/-/proto-loader-0.7.15.tgz. Extracting by manifest.
1058 silly tarball no local data for safe-buffer@https://registry.npmjs.org/safe-buffer/-/safe-buffer-5.2.1.tgz. Extracting by manifest.
1059 silly tarball no local data for google-logging-utils@https://registry.npmjs.org/google-logging-utils/-/google-logging-utils-1.1.3.tgz. Extracting by manifest.
1060 silly tarball no local data for @grpc/grpc-js@https://registry.npmjs.org/@grpc/grpc-js/-/grpc-js-1.14.4.tgz. Extracting by manifest.
1061 silly tarball no local data for object-hash@https://registry.npmjs.org/object-hash/-/object-hash-3.0.0.tgz. Extracting by manifest.
1062 silly tarball no local data for @js-sdsl/ordered-map@https://registry.npmjs.org/@js-sdsl/ordered-map/-/ordered-map-4.4.2.tgz. Extracting by manifest.
1063 silly tarball no local data for gcp-metadata@https://registry.npmjs.org/gcp-metadata/-/gcp-metadata-8.1.2.tgz. Extracting by manifest.
1064 silly tarball no local data for base64-js@https://registry.npmjs.org/base64-js/-/base64-js-1.5.1.tgz. Extracting by manifest.
1065 silly tarball no local data for jws@https://registry.npmjs.org/jws/-/jws-4.0.1.tgz. Extracting by manifest.
1066 silly tarball no local data for node-fetch@https://registry.npmjs.org/node-fetch/-/node-fetch-2.7.0.tgz. Extracting by manifest.
1067 silly tarball no local data for websocket-driver@https://registry.npmjs.org/websocket-driver/-/websocket-driver-0.7.4.tgz. Extracting by manifest.
1068 silly tarball no local data for is-stream@https://registry.npmjs.org/is-stream/-/is-stream-2.0.1.tgz. Extracting by manifest.
1069 silly tarball no local data for https-proxy-agent@https://registry.npmjs.org/https-proxy-agent/-/https-proxy-agent-7.0.6.tgz. Extracting by manifest.
1070 silly tarball no local data for strnum@https://registry.npmjs.org/strnum/-/strnum-2.3.0.tgz. Extracting by manifest.
1071 silly tarball no local data for xml-naming@https://registry.npmjs.org/xml-naming/-/xml-naming-0.1.0.tgz. Extracting by manifest.
1072 silly tarball no local data for path-expression-matcher@https://registry.npmjs.org/path-expression-matcher/-/path-expression-matcher-1.5.0.tgz. Extracting by manifest.
1073 silly tarball no local data for readable-stream@https://registry.npmjs.org/readable-stream/-/readable-stream-3.6.2.tgz. Extracting by manifest.
1074 silly tarball no local data for ecdsa-sig-formatter@https://registry.npmjs.org/ecdsa-sig-formatter/-/ecdsa-sig-formatter-1.0.11.tgz. Extracting by manifest.
1075 silly tarball no local data for stream-shift@https://registry.npmjs.org/stream-shift/-/stream-shift-1.0.3.tgz. Extracting by manifest.
1076 silly tarball no local data for end-of-stream@https://registry.npmjs.org/end-of-stream/-/end-of-stream-1.4.5.tgz. Extracting by manifest.
1077 silly tarball no local data for inherits@https://registry.npmjs.org/inherits/-/inherits-2.0.4.tgz. Extracting by manifest.
1078 silly tarball no local data for fast-xml-builder@https://registry.npmjs.org/fast-xml-builder/-/fast-xml-builder-1.2.0.tgz. Extracting by manifest.
1079 silly tarball no local data for arrify@https://registry.npmjs.org/arrify/-/arrify-2.0.1.tgz. Extracting by manifest.
1080 silly tarball no local data for once@https://registry.npmjs.org/once/-/once-1.4.0.tgz. Extracting by manifest.
1081 silly tarball no local data for extend@https://registry.npmjs.org/extend/-/extend-3.0.2.tgz. Extracting by manifest.
1082 silly tarball no local data for retry@https://registry.npmjs.org/retry/-/retry-0.13.1.tgz. Extracting by manifest.
1083 silly tarball no local data for @nodable/entities@https://registry.npmjs.org/@nodable/entities/-/entities-2.1.1.tgz. Extracting by manifest.
1084 silly tarball no local data for uuid@https://registry.npmjs.org/uuid/-/uuid-8.3.2.tgz. Extracting by manifest.
1085 silly tarball no local data for retry-request@https://registry.npmjs.org/retry-request/-/retry-request-7.0.2.tgz. Extracting by manifest.
1086 silly tarball no local data for teeny-request@https://registry.npmjs.org/teeny-request/-/teeny-request-9.0.0.tgz. Extracting by manifest.
1087 silly tarball no local data for event-target-shim@https://registry.npmjs.org/event-target-shim/-/event-target-shim-5.0.1.tgz. Extracting by manifest.
1088 silly tarball no local data for p-limit@https://registry.npmjs.org/p-limit/-/p-limit-3.1.0.tgz. Extracting by manifest.
1089 silly tarball no local data for mime@https://registry.npmjs.org/mime/-/mime-3.0.0.tgz. Extracting by manifest.
1090 silly tarball no local data for fast-xml-parser@https://registry.npmjs.org/fast-xml-parser/-/fast-xml-parser-5.8.0.tgz. Extracting by manifest.
1091 silly tarball no local data for abort-controller@https://registry.npmjs.org/abort-controller/-/abort-controller-3.0.0.tgz. Extracting by manifest.
1092 silly tarball no local data for html-entities@https://registry.npmjs.org/html-entities/-/html-entities-2.6.0.tgz. Extracting by manifest.
1093 silly tarball no local data for duplexify@https://registry.npmjs.org/duplexify/-/duplexify-4.1.3.tgz. Extracting by manifest.
1094 silly tarball no local data for gaxios@https://registry.npmjs.org/gaxios/-/gaxios-6.7.1.tgz. Extracting by manifest.
1095 silly tarball no local data for async-retry@https://registry.npmjs.org/async-retry/-/async-retry-1.3.3.tgz. Extracting by manifest.
1096 silly tarball no local data for @google-cloud/paginator@https://registry.npmjs.org/@google-cloud/paginator/-/paginator-5.0.2.tgz. Extracting by manifest.
1097 silly tarball no local data for protobufjs@https://registry.npmjs.org/protobufjs/-/protobufjs-7.6.1.tgz. Extracting by manifest.
1098 silly tarball no local data for @google-cloud/projectify@https://registry.npmjs.org/@google-cloud/projectify/-/projectify-4.0.0.tgz. Extracting by manifest.
1099 silly tarball no local data for @opentelemetry/api@https://registry.npmjs.org/@opentelemetry/api/-/api-1.9.1.tgz. Extracting by manifest.
1100 silly tarball no local data for google-gax@https://registry.npmjs.org/google-gax/-/google-gax-4.6.1.tgz. Extracting by manifest.
1101 silly tarball no local data for @firebase/app-types@https://registry.npmjs.org/@firebase/app-types/-/app-types-0.9.5.tgz. Extracting by manifest.
1102 silly tarball no local data for functional-red-black-tree@https://registry.npmjs.org/functional-red-black-tree/-/functional-red-black-tree-1.0.1.tgz. Extracting by manifest.
1103 silly tarball no local data for faye-websocket@https://registry.npmjs.org/faye-websocket/-/faye-websocket-0.11.4.tgz. Extracting by manifest.
1104 silly tarball no local data for tslib@https://registry.npmjs.org/tslib/-/tslib-2.8.1.tgz. Extracting by manifest.
1105 silly tarball no local data for @firebase/database@https://registry.npmjs.org/@firebase/database/-/database-1.1.3.tgz. Extracting by manifest.
1106 silly tarball no local data for @firebase/logger@https://registry.npmjs.org/@firebase/logger/-/logger-0.5.1.tgz. Extracting by manifest.
1107 silly tarball no local data for @firebase/component@https://registry.npmjs.org/@firebase/component/-/component-0.7.3.tgz. Extracting by manifest.
1108 silly tarball no local data for @firebase/auth-interop-types@https://registry.npmjs.org/@firebase/auth-interop-types/-/auth-interop-types-0.2.5.tgz. Extracting by manifest.
1109 silly tarball no local data for @firebase/util@https://registry.npmjs.org/@firebase/util/-/util-1.15.1.tgz. Extracting by manifest.
1110 silly tarball no local data for jsonwebtoken@https://registry.npmjs.org/jsonwebtoken/-/jsonwebtoken-9.0.3.tgz. Extracting by manifest.
1111 silly tarball no local data for @firebase/app-check-interop-types@https://registry.npmjs.org/@firebase/app-check-interop-types/-/app-check-interop-types-0.3.4.tgz. Extracting by manifest.
1112 silly tarball no local data for @google-cloud/promisify@https://registry.npmjs.org/@google-cloud/promisify/-/promisify-4.0.0.tgz. Extracting by manifest.
1113 silly tarball no local data for google-auth-library@https://registry.npmjs.org/google-auth-library/-/google-auth-library-10.6.2.tgz. Extracting by manifest.
1114 silly tarball no local data for jwks-rsa@https://registry.npmjs.org/jwks-rsa/-/jwks-rsa-3.2.2.tgz. Extracting by manifest.
1115 silly tarball no local data for farmhash-modern@https://registry.npmjs.org/farmhash-modern/-/farmhash-modern-1.1.0.tgz. Extracting by manifest.
1116 silly tarball no local data for @google-cloud/storage@https://registry.npmjs.org/@google-cloud/storage/-/storage-7.19.0.tgz. Extracting by manifest.
1117 silly tarball no local data for @google-cloud/firestore@https://registry.npmjs.org/@google-cloud/firestore/-/firestore-7.11.6.tgz. Extracting by manifest.
1118 silly tarball no local data for @firebase/database-types@https://registry.npmjs.org/@firebase/database-types/-/database-types-1.0.20.tgz. Extracting by manifest.
1119 silly tarball no local data for fast-deep-equal@https://registry.npmjs.org/fast-deep-equal/-/fast-deep-equal-3.1.3.tgz. Extracting by manifest.
1120 silly tarball no local data for @grpc/proto-loader@https://registry.npmjs.org/@grpc/proto-loader/-/proto-loader-0.8.1.tgz. Extracting by manifest.
1121 silly tarball no local data for gaxios@https://registry.npmjs.org/gaxios/-/gaxios-7.1.4.tgz. Extracting by manifest.
1122 silly tarball no local data for agent-base@https://registry.npmjs.org/agent-base/-/agent-base-6.0.2.tgz. Extracting by manifest.
1123 silly tarball no local data for node-fetch@https://registry.npmjs.org/node-fetch/-/node-fetch-3.3.2.tgz. Extracting by manifest.
1124 silly tarball no local data for @fastify/busboy@https://registry.npmjs.org/@fastify/busboy/-/busboy-3.2.0.tgz. Extracting by manifest.
1125 silly tarball no local data for uuid@https://registry.npmjs.org/uuid/-/uuid-9.0.1.tgz. Extracting by manifest.
1126 silly tarball no local data for @firebase/database-compat@https://registry.npmjs.org/@firebase/database-compat/-/database-compat-2.1.4.tgz. Extracting by manifest.
1127 silly tarball no local data for firebase-admin@https://registry.npmjs.org/firebase-admin/-/firebase-admin-13.10.0.tgz. Extracting by manifest.
1128 silly tarball no local data for agent-base@https://registry.npmjs.org/agent-base/-/agent-base-6.0.2.tgz. Extracting by manifest.
1129 silly tarball no local data for https-proxy-agent@https://registry.npmjs.org/https-proxy-agent/-/https-proxy-agent-5.0.1.tgz. Extracting by manifest.
1130 silly tarball no local data for google-logging-utils@https://registry.npmjs.org/google-logging-utils/-/google-logging-utils-0.0.2.tgz. Extracting by manifest.
1131 silly tarball no local data for uuid@https://registry.npmjs.org/uuid/-/uuid-9.0.1.tgz. Extracting by manifest.
1132 silly tarball no local data for gcp-metadata@https://registry.npmjs.org/gcp-metadata/-/gcp-metadata-6.1.1.tgz. Extracting by manifest.
1133 silly tarball no local data for google-auth-library@https://registry.npmjs.org/google-auth-library/-/google-auth-library-9.15.1.tgz. Extracting by manifest.
1134 silly tarball no local data for gaxios@https://registry.npmjs.org/gaxios/-/gaxios-7.1.4.tgz. Extracting by manifest.
1135 silly tarball no local data for node-fetch@https://registry.npmjs.org/node-fetch/-/node-fetch-3.3.2.tgz. Extracting by manifest.
1136 silly tarball no local data for gcp-metadata@https://registry.npmjs.org/gcp-metadata/-/gcp-metadata-6.1.1.tgz. Extracting by manifest.
1137 silly tarball no local data for uuid@https://registry.npmjs.org/uuid/-/uuid-9.0.1.tgz. Extracting by manifest.
1138 silly tarball no local data for google-auth-library@https://registry.npmjs.org/google-auth-library/-/google-auth-library-9.15.1.tgz. Extracting by manifest.
1139 silly tarball no local data for google-logging-utils@https://registry.npmjs.org/google-logging-utils/-/google-logging-utils-0.0.2.tgz. Extracting by manifest.
1140 http fetch GET 200 https://registry.npmjs.org/color-name/-/color-name-1.1.4.tgz 117ms (cache miss)
1141 http fetch GET 200 https://registry.npmjs.org/data-uri-to-buffer/-/data-uri-to-buffer-4.0.1.tgz 117ms (cache miss)
1142 http fetch GET 200 https://registry.npmjs.org/color-convert/-/color-convert-2.0.1.tgz 117ms (cache miss)
1143 http fetch GET 200 https://registry.npmjs.org/fetch-blob/-/fetch-blob-3.2.0.tgz 118ms (cache miss)
1144 http fetch GET 200 https://registry.npmjs.org/gtoken/-/gtoken-7.1.0.tgz 119ms (cache miss)
1145 http fetch GET 200 https://registry.npmjs.org/formdata-polyfill/-/formdata-polyfill-4.0.10.tgz 119ms (cache miss)
1146 http fetch GET 200 https://registry.npmjs.org/node-domexception/-/node-domexception-1.0.0.tgz 119ms (cache miss)
1147 warn deprecated node-domexception@1.0.0: Use your platform's native DOMException instead
1148 http fetch GET 200 https://registry.npmjs.org/wrap-ansi/-/wrap-ansi-7.0.0.tgz 146ms (cache miss)
1149 http fetch GET 200 https://registry.npmjs.org/require-directory/-/require-directory-2.1.1.tgz 161ms (cache miss)
1150 http fetch GET 200 https://registry.npmjs.org/tr46/-/tr46-0.0.3.tgz 163ms (cache miss)
1151 http fetch GET 200 https://registry.npmjs.org/ansi-regex/-/ansi-regex-5.0.1.tgz 164ms (cache miss)
1152 http fetch GET 200 https://registry.npmjs.org/webidl-conversions/-/webidl-conversions-3.0.1.tgz 164ms (cache miss)
1153 http fetch GET 200 https://registry.npmjs.org/cliui/-/cliui-8.0.1.tgz 164ms (cache miss)
1154 http fetch GET 200 https://registry.npmjs.org/get-caller-file/-/get-caller-file-2.0.5.tgz 171ms (cache miss)
1155 http fetch GET 200 https://registry.npmjs.org/websocket-extensions/-/websocket-extensions-0.1.4.tgz 199ms (cache miss)
1156 http fetch GET 200 https://registry.npmjs.org/http-parser-js/-/http-parser-js-0.5.10.tgz 210ms (cache miss)
1157 http fetch GET 200 https://registry.npmjs.org/escalade/-/escalade-3.2.0.tgz 210ms (cache miss)
1158 http fetch GET 200 https://registry.npmjs.org/stubs/-/stubs-3.0.0.tgz 209ms (cache miss)
1159 http fetch GET 200 https://registry.npmjs.org/strip-ansi/-/strip-ansi-6.0.1.tgz 220ms (cache miss)
1160 http fetch GET 200 https://registry.npmjs.org/math-intrinsics/-/math-intrinsics-1.1.0.tgz 268ms (cache miss)
1161 http fetch GET 200 https://registry.npmjs.org/@tootallnate/once/-/once-2.0.1.tgz 270ms (cache miss)
1162 http fetch GET 200 https://registry.npmjs.org/is-fullwidth-code-point/-/is-fullwidth-code-point-3.0.0.tgz 277ms (cache miss)
1163 http fetch GET 200 https://registry.npmjs.org/string-width/-/string-width-4.2.3.tgz 278ms (cache miss)
1164 http fetch GET 200 https://registry.npmjs.org/y18n/-/y18n-5.0.8.tgz 278ms (cache miss)
1165 http fetch GET 200 https://registry.npmjs.org/emoji-regex/-/emoji-regex-8.0.0.tgz 280ms (cache miss)
1166 http fetch GET 200 https://registry.npmjs.org/ansi-styles/-/ansi-styles-4.3.0.tgz 281ms (cache miss)
1167 http fetch GET 200 https://registry.npmjs.org/mime-db/-/mime-db-1.52.0.tgz 275ms (cache miss)
1168 http fetch GET 200 https://registry.npmjs.org/yargs-parser/-/yargs-parser-21.1.1.tgz 283ms (cache miss)
1169 http fetch GET 200 https://registry.npmjs.org/stream-events/-/stream-events-1.0.5.tgz 348ms (cache miss)
1170 http fetch GET 200 https://registry.npmjs.org/http-proxy-agent/-/http-proxy-agent-5.0.0.tgz 350ms (cache miss)
1171 http fetch GET 200 https://registry.npmjs.org/dunder-proto/-/dunder-proto-1.0.1.tgz 353ms (cache miss)
1172 http fetch GET 200 https://registry.npmjs.org/function-bind/-/function-bind-1.1.2.tgz 352ms (cache miss)
1173 http fetch GET 200 https://registry.npmjs.org/get-proto/-/get-proto-1.0.1.tgz 352ms (cache miss)
1174 http fetch GET 200 https://registry.npmjs.org/gopd/-/gopd-1.2.0.tgz 353ms (cache miss)
1175 http fetch GET 200 https://registry.npmjs.org/es-define-property/-/es-define-property-1.0.1.tgz 374ms (cache miss)
1176 http fetch GET 200 https://registry.npmjs.org/has-tostringtag/-/has-tostringtag-1.0.2.tgz 380ms (cache miss)
1177 http fetch GET 200 https://registry.npmjs.org/delayed-stream/-/delayed-stream-1.0.0.tgz 386ms (cache miss)
1178 http fetch GET 200 https://registry.npmjs.org/combined-stream/-/combined-stream-1.0.8.tgz 385ms (cache miss)
1179 http fetch GET 200 https://registry.npmjs.org/es-set-tostringtag/-/es-set-tostringtag-2.1.0.tgz 392ms (cache miss)
1180 http fetch GET 200 https://registry.npmjs.org/form-data/-/form-data-2.5.5.tgz 393ms (cache miss)
1181 http fetch GET 200 https://registry.npmjs.org/hasown/-/hasown-2.0.4.tgz 395ms (cache miss)
1182 http fetch GET 200 https://registry.npmjs.org/@types/tough-cookie/-/tough-cookie-4.0.5.tgz 394ms (cache miss)
1183 http fetch GET 200 https://registry.npmjs.org/es-errors/-/es-errors-1.3.0.tgz 401ms (cache miss)
1184 http fetch GET 200 https://registry.npmjs.org/asynckit/-/asynckit-0.4.0.tgz 400ms (cache miss)
1185 http fetch GET 200 https://registry.npmjs.org/@types/caseless/-/caseless-0.12.5.tgz 400ms (cache miss)
1186 http fetch GET 200 https://registry.npmjs.org/call-bind-apply-helpers/-/call-bind-apply-helpers-1.0.2.tgz 410ms (cache miss)
1187 http fetch GET 200 https://registry.npmjs.org/mime-types/-/mime-types-2.1.35.tgz 422ms (cache miss)
1188 http fetch GET 200 https://registry.npmjs.org/util-deprecate/-/util-deprecate-1.0.2.tgz 435ms (cache miss)
1189 http fetch GET 200 https://registry.npmjs.org/get-intrinsic/-/get-intrinsic-1.3.0.tgz 435ms (cache miss)
1190 http fetch GET 200 https://registry.npmjs.org/@types/request/-/request-2.48.13.tgz 438ms (cache miss)
1191 http fetch GET 200 https://registry.npmjs.org/string_decoder/-/string_decoder-1.3.0.tgz 441ms (cache miss)
1192 http fetch GET 200 https://registry.npmjs.org/@protobufjs/inquire/-/inquire-1.1.2.tgz 445ms (cache miss)
1193 http fetch GET 200 https://registry.npmjs.org/@protobufjs/float/-/float-1.0.2.tgz 446ms (cache miss)
1194 http fetch GET 200 https://registry.npmjs.org/has-symbols/-/has-symbols-1.1.0.tgz 455ms (cache miss)
1195 http fetch GET 200 https://registry.npmjs.org/@protobufjs/eventemitter/-/eventemitter-1.1.1.tgz 448ms (cache miss)
1196 http fetch GET 200 https://registry.npmjs.org/@protobufjs/fetch/-/fetch-1.1.1.tgz 449ms (cache miss)
1197 http fetch GET 200 https://registry.npmjs.org/@protobufjs/codegen/-/codegen-2.0.5.tgz 452ms (cache miss)
1198 http fetch GET 200 https://registry.npmjs.org/@protobufjs/base64/-/base64-1.1.2.tgz 456ms (cache miss)
1199 http fetch GET 200 https://registry.npmjs.org/@protobufjs/aspromise/-/aspromise-1.1.2.tgz 465ms (cache miss)
1200 http fetch GET 200 https://registry.npmjs.org/wrappy/-/wrappy-1.0.2.tgz 479ms (cache miss)
1201 http fetch GET 200 https://registry.npmjs.org/yocto-queue/-/yocto-queue-0.1.0.tgz 481ms (cache miss)
1202 http fetch GET 200 https://registry.npmjs.org/@protobufjs/utf8/-/utf8-1.1.1.tgz 483ms (cache miss)
1203 http fetch GET 200 https://registry.npmjs.org/whatwg-url/-/whatwg-url-5.0.0.tgz 487ms (cache miss)
1204 http fetch GET 200 https://registry.npmjs.org/lru-cache/-/lru-cache-6.0.0.tgz 488ms (cache miss)
1205 http fetch GET 200 https://registry.npmjs.org/lodash.clonedeep/-/lodash.clonedeep-4.5.0.tgz 494ms (cache miss)
1206 http fetch GET 200 https://registry.npmjs.org/yallist/-/yallist-4.0.0.tgz 499ms (cache miss)
1207 http fetch GET 200 https://registry.npmjs.org/@protobufjs/path/-/path-1.1.2.tgz 502ms (cache miss)
1208 http fetch GET 200 https://registry.npmjs.org/undici-types/-/undici-types-7.24.6.tgz 504ms (cache miss)
1209 http fetch GET 200 https://registry.npmjs.org/web-streams-polyfill/-/web-streams-polyfill-3.3.3.tgz 527ms (cache miss)
1210 http fetch GET 200 https://registry.npmjs.org/@types/ms/-/ms-2.1.0.tgz 512ms (cache miss)
1211 http fetch GET 200 https://registry.npmjs.org/limiter/-/limiter-1.1.5.tgz 512ms (cache miss)
1212 http fetch GET 200 https://registry.npmjs.org/jwa/-/jwa-2.0.1.tgz 513ms (cache miss)
1213 http fetch GET 200 https://registry.npmjs.org/buffer-equal-constant-time/-/buffer-equal-constant-time-1.0.1.tgz 523ms (cache miss)
1214 http fetch GET 200 https://registry.npmjs.org/lru-memoizer/-/lru-memoizer-2.3.0.tgz 547ms (cache miss)
1215 http fetch GET 200 https://registry.npmjs.org/@protobufjs/pool/-/pool-1.1.0.tgz 548ms (cache miss)
1216 http fetch GET 200 https://registry.npmjs.org/@types/jsonwebtoken/-/jsonwebtoken-9.0.10.tgz 548ms (cache miss)
1217 http fetch GET 200 https://registry.npmjs.org/lodash.isstring/-/lodash.isstring-4.0.1.tgz 549ms (cache miss)
1218 http fetch GET 200 https://registry.npmjs.org/lodash.isinteger/-/lodash.isinteger-4.0.4.tgz 549ms (cache miss)
1219 http fetch GET 200 https://registry.npmjs.org/lodash.includes/-/lodash.includes-4.3.0.tgz 553ms (cache miss)
1220 http fetch GET 200 https://registry.npmjs.org/lodash.isplainobject/-/lodash.isplainobject-4.0.6.tgz 555ms (cache miss)
1221 http fetch GET 200 https://registry.npmjs.org/semver/-/semver-7.8.1.tgz 559ms (cache miss)
1222 http fetch GET 200 https://registry.npmjs.org/lodash.isnumber/-/lodash.isnumber-3.0.3.tgz 568ms (cache miss)
1223 http fetch GET 200 https://registry.npmjs.org/bignumber.js/-/bignumber.js-9.3.1.tgz 576ms (cache miss)
1224 http fetch GET 200 https://registry.npmjs.org/lodash.isboolean/-/lodash.isboolean-3.0.3.tgz 577ms (cache miss)
1225 http fetch GET 200 https://registry.npmjs.org/@types/node/-/node-25.9.1.tgz 587ms (cache miss)
1226 http fetch GET 200 https://registry.npmjs.org/lodash.once/-/lodash.once-4.1.1.tgz 588ms (cache miss)
1227 http fetch GET 200 https://registry.npmjs.org/agent-base/-/agent-base-7.1.4.tgz 589ms (cache miss)
1228 http fetch GET 200 https://registry.npmjs.org/ms/-/ms-2.1.3.tgz 589ms (cache miss)
1229 http fetch GET 200 https://registry.npmjs.org/lodash.camelcase/-/lodash.camelcase-4.3.0.tgz 589ms (cache miss)
1230 http fetch GET 200 https://registry.npmjs.org/long/-/long-5.3.2.tgz 590ms (cache miss)
1231 http fetch GET 200 https://registry.npmjs.org/debug/-/debug-4.4.3.tgz 600ms (cache miss)
1232 http fetch GET 200 https://registry.npmjs.org/proto3-json-serializer/-/proto3-json-serializer-2.0.2.tgz 607ms (cache miss)
1233 http fetch GET 200 https://registry.npmjs.org/@types/long/-/long-4.0.2.tgz 607ms (cache miss)
1234 http fetch GET 200 https://registry.npmjs.org/yargs/-/yargs-17.7.2.tgz 609ms (cache miss)
1235 http fetch GET 200 https://registry.npmjs.org/safe-buffer/-/safe-buffer-5.2.1.tgz 617ms (cache miss)
1236 http fetch GET 200 https://registry.npmjs.org/json-bigint/-/json-bigint-1.0.0.tgz 618ms (cache miss)
1237 http fetch GET 200 https://registry.npmjs.org/google-logging-utils/-/google-logging-utils-1.1.3.tgz 622ms (cache miss)
1238 http fetch GET 200 https://registry.npmjs.org/@grpc/proto-loader/-/proto-loader-0.7.15.tgz 623ms (cache miss)
1239 http fetch GET 200 https://registry.npmjs.org/es-object-atoms/-/es-object-atoms-1.1.2.tgz 653ms (cache miss)
1240 http fetch GET 200 https://registry.npmjs.org/base64-js/-/base64-js-1.5.1.tgz 635ms (cache miss)
1241 http fetch GET 200 https://registry.npmjs.org/jws/-/jws-4.0.1.tgz 635ms (cache miss)
1242 http fetch GET 200 https://registry.npmjs.org/object-hash/-/object-hash-3.0.0.tgz 637ms (cache miss)
1243 http fetch GET 200 https://registry.npmjs.org/is-stream/-/is-stream-2.0.1.tgz 651ms (cache miss)
1244 http fetch GET 200 https://registry.npmjs.org/https-proxy-agent/-/https-proxy-agent-7.0.6.tgz 655ms (cache miss)
1245 http fetch GET 200 https://registry.npmjs.org/websocket-driver/-/websocket-driver-0.7.4.tgz 658ms (cache miss)
1246 http fetch GET 200 https://registry.npmjs.org/gcp-metadata/-/gcp-metadata-8.1.2.tgz 660ms (cache miss)
1247 http fetch GET 200 https://registry.npmjs.org/node-fetch/-/node-fetch-2.7.0.tgz 660ms (cache miss)
1248 http fetch GET 200 https://registry.npmjs.org/strnum/-/strnum-2.3.0.tgz 664ms (cache miss)
1249 http fetch GET 200 https://registry.npmjs.org/jose/-/jose-4.15.9.tgz 675ms (cache miss)
1250 http fetch GET 200 https://registry.npmjs.org/xml-naming/-/xml-naming-0.1.0.tgz 670ms (cache miss)
1251 http fetch GET 200 https://registry.npmjs.org/path-expression-matcher/-/path-expression-matcher-1.5.0.tgz 671ms (cache miss)
1252 http fetch GET 200 https://registry.npmjs.org/@js-sdsl/ordered-map/-/ordered-map-4.4.2.tgz 685ms (cache miss)
1253 http fetch GET 200 https://registry.npmjs.org/ecdsa-sig-formatter/-/ecdsa-sig-formatter-1.0.11.tgz 682ms (cache miss)
1254 http fetch GET 200 https://registry.npmjs.org/inherits/-/inherits-2.0.4.tgz 681ms (cache miss)
1255 http fetch GET 200 https://registry.npmjs.org/stream-shift/-/stream-shift-1.0.3.tgz 684ms (cache miss)
1256 http fetch GET 200 https://registry.npmjs.org/arrify/-/arrify-2.0.1.tgz 695ms (cache miss)
1257 http fetch GET 200 https://registry.npmjs.org/end-of-stream/-/end-of-stream-1.4.5.tgz 697ms (cache miss)
1258 http fetch GET 200 https://registry.npmjs.org/extend/-/extend-3.0.2.tgz 698ms (cache miss)
1259 http fetch GET 200 https://registry.npmjs.org/fast-xml-builder/-/fast-xml-builder-1.2.0.tgz 700ms (cache miss)
1260 http fetch GET 200 https://registry.npmjs.org/readable-stream/-/readable-stream-3.6.2.tgz 703ms (cache miss)
1261 http fetch GET 200 https://registry.npmjs.org/once/-/once-1.4.0.tgz 701ms (cache miss)
1262 http fetch GET 200 https://registry.npmjs.org/retry/-/retry-0.13.1.tgz 702ms (cache miss)
1263 http fetch GET 200 https://registry.npmjs.org/retry-request/-/retry-request-7.0.2.tgz 715ms (cache miss)
1264 http fetch GET 200 https://registry.npmjs.org/@nodable/entities/-/entities-2.1.1.tgz 717ms (cache miss)
1265 http fetch GET 200 https://registry.npmjs.org/p-limit/-/p-limit-3.1.0.tgz 729ms (cache miss)
1266 http fetch GET 200 https://registry.npmjs.org/mime/-/mime-3.0.0.tgz 741ms (cache miss)
1267 http fetch GET 200 https://registry.npmjs.org/event-target-shim/-/event-target-shim-5.0.1.tgz 743ms (cache miss)
1268 http fetch GET 200 https://registry.npmjs.org/teeny-request/-/teeny-request-9.0.0.tgz 744ms (cache miss)
1269 http fetch GET 200 https://registry.npmjs.org/uuid/-/uuid-8.3.2.tgz 745ms (cache miss)
1270 warn deprecated uuid@8.3.2: uuid@10 and below is no longer supported.  For ESM codebases, update to uuid@latest.  For CommonJS codebases, use uuid@11 (but be aware this version will likely be deprecated in 2028).
1271 http fetch GET 200 https://registry.npmjs.org/@grpc/grpc-js/-/grpc-js-1.14.4.tgz 811ms (cache miss)
1272 http fetch GET 200 https://registry.npmjs.org/duplexify/-/duplexify-4.1.3.tgz 834ms (cache miss)
1273 http fetch GET 200 https://registry.npmjs.org/abort-controller/-/abort-controller-3.0.0.tgz 835ms (cache miss)
1274 http fetch GET 200 https://registry.npmjs.org/gaxios/-/gaxios-6.7.1.tgz 836ms (cache miss)
1275 http fetch GET 200 https://registry.npmjs.org/@firebase/logger/-/logger-0.5.1.tgz 940ms (cache miss)
1276 http fetch GET 200 https://registry.npmjs.org/async-retry/-/async-retry-1.3.3.tgz 945ms (cache miss)
1277 http fetch GET 200 https://registry.npmjs.org/@firebase/app-types/-/app-types-0.9.5.tgz 945ms (cache miss)
1278 http fetch GET 200 https://registry.npmjs.org/faye-websocket/-/faye-websocket-0.11.4.tgz 946ms (cache miss)
1279 http fetch GET 200 https://registry.npmjs.org/tslib/-/tslib-2.8.1.tgz 948ms (cache miss)
1280 http fetch GET 200 https://registry.npmjs.org/functional-red-black-tree/-/functional-red-black-tree-1.0.1.tgz 948ms (cache miss)
1281 http fetch GET 200 https://registry.npmjs.org/@firebase/component/-/component-0.7.3.tgz 949ms (cache miss)
1282 http fetch GET 200 https://registry.npmjs.org/@google-cloud/projectify/-/projectify-4.0.0.tgz 954ms (cache miss)
1283 http fetch GET 200 https://registry.npmjs.org/jsonwebtoken/-/jsonwebtoken-9.0.3.tgz 970ms (cache miss)
1284 http fetch GET 200 https://registry.npmjs.org/@firebase/auth-interop-types/-/auth-interop-types-0.2.5.tgz 981ms (cache miss)
1285 http fetch GET 200 https://registry.npmjs.org/@firebase/app-check-interop-types/-/app-check-interop-types-0.3.4.tgz 990ms (cache miss)
1286 http fetch GET 200 https://registry.npmjs.org/@google-cloud/promisify/-/promisify-4.0.0.tgz 992ms (cache miss)
1287 http fetch GET 200 https://registry.npmjs.org/jwks-rsa/-/jwks-rsa-3.2.2.tgz 992ms (cache miss)
1288 http fetch GET 200 https://registry.npmjs.org/fast-deep-equal/-/fast-deep-equal-3.1.3.tgz 1040ms (cache miss)
1289 http fetch GET 200 https://registry.npmjs.org/google-auth-library/-/google-auth-library-10.6.2.tgz 1055ms (cache miss)
1290 http fetch GET 200 https://registry.npmjs.org/@firebase/database-types/-/database-types-1.0.20.tgz 1055ms (cache miss)
1291 http fetch GET 200 https://registry.npmjs.org/@grpc/proto-loader/-/proto-loader-0.8.1.tgz 1061ms (cache miss)
1292 http fetch GET 200 https://registry.npmjs.org/@firebase/util/-/util-1.15.1.tgz 1075ms (cache miss)
1293 http fetch GET 200 https://registry.npmjs.org/agent-base/-/agent-base-6.0.2.tgz 1093ms (cache miss)
1294 http fetch GET 200 https://registry.npmjs.org/node-fetch/-/node-fetch-3.3.2.tgz 1103ms (cache miss)
1295 http fetch GET 200 https://registry.npmjs.org/html-entities/-/html-entities-2.6.0.tgz 1116ms (cache miss)
1296 http fetch GET 200 https://registry.npmjs.org/@google-cloud/storage/-/storage-7.19.0.tgz 1128ms (cache miss)
1297 http fetch GET 200 https://registry.npmjs.org/@fastify/busboy/-/busboy-3.2.0.tgz 1132ms (cache miss)
1298 http fetch GET 200 https://registry.npmjs.org/uuid/-/uuid-9.0.1.tgz 1148ms (cache miss)
1299 warn deprecated uuid@9.0.1: uuid@10 and below is no longer supported.  For ESM codebases, update to uuid@latest.  For CommonJS codebases, use uuid@11 (but be aware this version will likely be deprecated in 2028).
1300 http fetch GET 200 https://registry.npmjs.org/https-proxy-agent/-/https-proxy-agent-5.0.1.tgz 1159ms (cache miss)
1301 http fetch GET 200 https://registry.npmjs.org/agent-base/-/agent-base-6.0.2.tgz 1160ms (cache miss)
1302 http fetch GET 200 https://registry.npmjs.org/gcp-metadata/-/gcp-metadata-6.1.1.tgz 1166ms (cache miss)
1303 http fetch GET 200 https://registry.npmjs.org/@google-cloud/paginator/-/paginator-5.0.2.tgz 1178ms (cache miss)
1304 http fetch GET 200 https://registry.npmjs.org/gaxios/-/gaxios-7.1.4.tgz 1175ms (cache miss)
1305 http fetch GET 200 https://registry.npmjs.org/google-logging-utils/-/google-logging-utils-0.0.2.tgz 1174ms (cache miss)
1306 http fetch GET 200 https://registry.npmjs.org/farmhash-modern/-/farmhash-modern-1.1.0.tgz 1191ms (cache miss)
1307 http fetch GET 200 https://registry.npmjs.org/node-fetch/-/node-fetch-3.3.2.tgz 1185ms (cache miss)
1308 http fetch GET 200 https://registry.npmjs.org/@opentelemetry/api/-/api-1.9.1.tgz 1211ms (cache miss)
1309 http fetch GET 200 https://registry.npmjs.org/gcp-metadata/-/gcp-metadata-6.1.1.tgz 1202ms (cache miss)
1310 http fetch GET 200 https://registry.npmjs.org/google-auth-library/-/google-auth-library-9.15.1.tgz 1216ms (cache miss)
1311 http fetch GET 200 https://registry.npmjs.org/gaxios/-/gaxios-7.1.4.tgz 1225ms (cache miss)
1312 http fetch GET 200 https://registry.npmjs.org/uuid/-/uuid-9.0.1.tgz 1233ms (cache miss)
1313 warn deprecated uuid@9.0.1: uuid@10 and below is no longer supported.  For ESM codebases, update to uuid@latest.  For CommonJS codebases, use uuid@11 (but be aware this version will likely be deprecated in 2028).
1314 http fetch GET 200 https://registry.npmjs.org/google-auth-library/-/google-auth-library-9.15.1.tgz 1256ms (cache miss)
1315 http fetch GET 200 https://registry.npmjs.org/@firebase/database/-/database-1.1.3.tgz 1273ms (cache miss)
1316 http fetch GET 200 https://registry.npmjs.org/google-gax/-/google-gax-4.6.1.tgz 1284ms (cache miss)
1317 http fetch GET 200 https://registry.npmjs.org/firebase-admin/-/firebase-admin-13.10.0.tgz 1281ms (cache miss)
1318 http fetch GET 200 https://registry.npmjs.org/@google-cloud/firestore/-/firestore-7.11.6.tgz 1481ms (cache miss)
1319 http fetch GET 200 https://registry.npmjs.org/uuid/-/uuid-9.0.1.tgz 1535ms (cache miss)
1320 warn deprecated uuid@9.0.1: uuid@10 and below is no longer supported.  For ESM codebases, update to uuid@latest.  For CommonJS codebases, use uuid@11 (but be aware this version will likely be deprecated in 2028).
1321 http fetch GET 200 https://registry.npmjs.org/google-logging-utils/-/google-logging-utils-0.0.2.tgz 1546ms (cache miss)
1322 http fetch GET 200 https://registry.npmjs.org/@firebase/database-compat/-/database-compat-2.1.4.tgz 1564ms (cache miss)
1323 http fetch GET 200 https://registry.npmjs.org/protobufjs/-/protobufjs-7.6.1.tgz 1881ms (cache miss)
1324 http fetch GET 200 https://registry.npmjs.org/fast-xml-parser/-/fast-xml-parser-5.8.0.tgz 3670ms (cache miss)
1325 info run @firebase/util@1.15.1 postinstall node_modules/@firebase/util node ./postinstall.js
1326 info run protobufjs@7.6.1 postinstall node_modules/protobufjs node scripts/postinstall
1327 info run @firebase/util@1.15.1 postinstall { code: 0, signal: null }
1328 info run protobufjs@7.6.1 postinstall { code: 0, signal: null }
1329 silly ADD node_modules/web-streams-polyfill
1330 silly ADD node_modules/node-domexception
1331 silly ADD node_modules/formdata-polyfill
1332 silly ADD node_modules/fetch-blob
1333 silly ADD node_modules/data-uri-to-buffer
1334 silly ADD node_modules/gtoken
1335 silly ADD node_modules/color-name
1336 silly ADD node_modules/color-convert
1337 silly ADD node_modules/ansi-styles
1338 silly ADD node_modules/ansi-regex
1339 silly ADD node_modules/is-fullwidth-code-point
1340 silly ADD node_modules/emoji-regex
1341 silly ADD node_modules/wrap-ansi
1342 silly ADD node_modules/strip-ansi
1343 silly ADD node_modules/yargs-parser
1344 silly ADD node_modules/y18n
1345 silly ADD node_modules/string-width
1346 silly ADD node_modules/require-directory
1347 silly ADD node_modules/get-caller-file
1348 silly ADD node_modules/escalade
1349 silly ADD node_modules/cliui
1350 silly ADD node_modules/webidl-conversions
1351 silly ADD node_modules/tr46
1352 silly ADD node_modules/websocket-extensions
1353 silly ADD node_modules/http-parser-js
1354 silly ADD node_modules/stubs
1355 silly ADD node_modules/@tootallnate/once
1356 silly ADD node_modules/stream-events
1357 silly ADD node_modules/http-proxy-agent
1358 silly ADD node_modules/http-proxy-agent/node_modules/agent-base
1359 silly ADD node_modules/mime-db
1360 silly ADD node_modules/dunder-proto
1361 silly ADD node_modules/math-intrinsics
1362 silly ADD node_modules/has-symbols
1363 silly ADD node_modules/gopd
1364 silly ADD node_modules/get-proto
1365 silly ADD node_modules/function-bind
1366 silly ADD node_modules/es-object-atoms
1367 silly ADD node_modules/es-define-property
1368 silly ADD node_modules/call-bind-apply-helpers
1369 silly ADD node_modules/has-tostringtag
1370 silly ADD node_modules/get-intrinsic
1371 silly ADD node_modules/es-errors
1372 silly ADD node_modules/delayed-stream
1373 silly ADD node_modules/mime-types
1374 silly ADD node_modules/hasown
1375 silly ADD node_modules/es-set-tostringtag
1376 silly ADD node_modules/combined-stream
1377 silly ADD node_modules/asynckit
1378 silly ADD node_modules/form-data
1379 silly ADD node_modules/@types/tough-cookie
1380 silly ADD node_modules/@types/caseless
1381 silly ADD node_modules/@types/request
1382 silly ADD node_modules/util-deprecate
1383 silly ADD node_modules/string_decoder
1384 silly ADD node_modules/@protobufjs/utf8
1385 silly ADD node_modules/@protobufjs/pool
1386 silly ADD node_modules/@protobufjs/path
1387 silly ADD node_modules/@protobufjs/inquire
1388 silly ADD node_modules/@protobufjs/float
1389 silly ADD node_modules/@protobufjs/fetch
1390 silly ADD node_modules/@protobufjs/eventemitter
1391 silly ADD node_modules/@protobufjs/codegen
1392 silly ADD node_modules/@protobufjs/base64
1393 silly ADD node_modules/@protobufjs/aspromise
1394 silly ADD node_modules/yocto-queue
1395 silly ADD node_modules/wrappy
1396 silly ADD node_modules/whatwg-url
1397 silly ADD node_modules/yallist
1398 silly ADD node_modules/lru-cache
1399 silly ADD node_modules/lodash.clonedeep
1400 silly ADD node_modules/buffer-equal-constant-time
1401 silly ADD node_modules/jwa
1402 silly ADD node_modules/undici-types
1403 silly ADD node_modules/@types/node
1404 silly ADD node_modules/@types/ms
1405 silly ADD node_modules/lru-memoizer
1406 silly ADD node_modules/limiter
1407 silly ADD node_modules/jose
1408 silly ADD node_modules/@types/jsonwebtoken
1409 silly ADD node_modules/semver
1410 silly ADD node_modules/lodash.once
1411 silly ADD node_modules/lodash.isstring
1412 silly ADD node_modules/lodash.isplainobject
1413 silly ADD node_modules/lodash.isnumber
1414 silly ADD node_modules/lodash.isinteger
1415 silly ADD node_modules/lodash.isboolean
1416 silly ADD node_modules/lodash.includes
1417 silly ADD node_modules/bignumber.js
1418 silly ADD node_modules/ms
1419 silly ADD node_modules/debug
1420 silly ADD node_modules/agent-base
1421 silly ADD node_modules/yargs
1422 silly ADD node_modules/long
1423 silly ADD node_modules/lodash.camelcase
1424 silly ADD node_modules/@js-sdsl/ordered-map
1425 silly ADD node_modules/proto3-json-serializer
1426 silly ADD node_modules/object-hash
1427 silly ADD node_modules/@types/long
1428 silly ADD node_modules/@grpc/proto-loader
1429 silly ADD node_modules/@grpc/grpc-js
1430 silly ADD node_modules/@grpc/grpc-js/node_modules/@grpc/proto-loader
1431 silly ADD node_modules/json-bigint
1432 silly ADD node_modules/safe-buffer
1433 silly ADD node_modules/jws
1434 silly ADD node_modules/google-logging-utils
1435 silly ADD node_modules/gcp-metadata
1436 silly ADD node_modules/gcp-metadata/node_modules/node-fetch
1437 silly ADD node_modules/gcp-metadata/node_modules/gaxios
1438 silly ADD node_modules/ecdsa-sig-formatter
1439 silly ADD node_modules/base64-js
1440 silly ADD node_modules/node-fetch
1441 silly ADD node_modules/is-stream
1442 silly ADD node_modules/https-proxy-agent
1443 silly ADD node_modules/websocket-driver
1444 silly ADD node_modules/xml-naming
1445 silly ADD node_modules/strnum
1446 silly ADD node_modules/path-expression-matcher
1447 silly ADD node_modules/fast-xml-builder
1448 silly ADD node_modules/@nodable/entities
1449 silly ADD node_modules/once
1450 silly ADD node_modules/stream-shift
1451 silly ADD node_modules/readable-stream
1452 silly ADD node_modules/inherits
1453 silly ADD node_modules/end-of-stream
1454 silly ADD node_modules/retry
1455 silly ADD node_modules/event-target-shim
1456 silly ADD node_modules/extend
1457 silly ADD node_modules/arrify
1458 silly ADD node_modules/uuid
1459 silly ADD node_modules/teeny-request
1460 silly ADD node_modules/teeny-request/node_modules/agent-base
1461 silly ADD node_modules/teeny-request/node_modules/uuid
1462 silly ADD node_modules/teeny-request/node_modules/https-proxy-agent
1463 silly ADD node_modules/retry-request
1464 silly ADD node_modules/p-limit
1465 silly ADD node_modules/mime
1466 silly ADD node_modules/html-entities
1467 silly ADD node_modules/gaxios
1468 silly ADD node_modules/gaxios/node_modules/uuid
1469 silly ADD node_modules/fast-xml-parser
1470 silly ADD node_modules/duplexify
1471 silly ADD node_modules/async-retry
1472 silly ADD node_modules/abort-controller
1473 silly ADD node_modules/@google-cloud/promisify
1474 silly ADD node_modules/@google-cloud/projectify
1475 silly ADD node_modules/@google-cloud/paginator
1476 silly ADD node_modules/protobufjs
1477 silly ADD node_modules/google-gax
1478 silly ADD node_modules/google-gax/node_modules/google-logging-utils
1479 silly ADD node_modules/google-gax/node_modules/gcp-metadata
1480 silly ADD node_modules/google-gax/node_modules/uuid
1481 silly ADD node_modules/google-gax/node_modules/google-auth-library
1482 silly ADD node_modules/functional-red-black-tree
1483 silly ADD node_modules/@opentelemetry/api
1484 silly ADD node_modules/@firebase/app-types
1485 silly ADD node_modules/faye-websocket
1486 silly ADD node_modules/@firebase/auth-interop-types
1487 silly ADD node_modules/@firebase/app-check-interop-types
1488 silly ADD node_modules/tslib
1489 silly ADD node_modules/@firebase/util
1490 silly ADD node_modules/@firebase/logger
1491 silly ADD node_modules/@firebase/database
1492 silly ADD node_modules/@firebase/component
1493 silly ADD node_modules/jwks-rsa
1494 silly ADD node_modules/jsonwebtoken
1495 silly ADD node_modules/google-auth-library
1496 silly ADD node_modules/google-auth-library/node_modules/node-fetch
1497 silly ADD node_modules/google-auth-library/node_modules/gaxios
1498 silly ADD node_modules/fast-deep-equal
1499 silly ADD node_modules/farmhash-modern
1500 silly ADD node_modules/@google-cloud/storage
1501 silly ADD node_modules/@google-cloud/storage/node_modules/google-logging-utils
1502 silly ADD node_modules/@google-cloud/storage/node_modules/gcp-metadata
1503 silly ADD node_modules/@google-cloud/storage/node_modules/google-auth-library
1504 silly ADD node_modules/@google-cloud/firestore
1505 silly ADD node_modules/@firebase/database-types
1506 silly ADD node_modules/@firebase/database-compat
1507 silly ADD node_modules/@fastify/busboy
1508 silly ADD node_modules/firebase-admin
1509 verbose cwd /Users/macbookpro/Documents/GitHub/idea-club-lms
1510 verbose os Darwin 25.5.0
1511 verbose node v20.20.2
1512 verbose npm  v10.8.2
1513 notice
1513 notice New [31mmajor[39m version of npm available! [31m10.8.2[39m -> [34m11.16.0[39m
1513 notice Changelog: [34mhttps://github.com/npm/cli/releases/tag/v11.16.0[39m
1513 notice To update run: [4mnpm install -g npm@11.16.0[24m
1513 notice  { force: true, [Symbol(proc-log.meta)]: true }
1514 verbose exit 0
1515 info ok
